Depth CCSF (m),filename,position (mm),sample surface,validity,E-gain,E-offset,F-slope,F-offset,cps,MSE,Mg,Al,Si,P,S,Cl,Ar,K,Ca,Sc,Ti,V,Mn,Fe,Co,Ni,Cu,Zn,Ga,Rb,Sr,Y,Zr,Ru,Rh,Pd,Cd,Sb,Ba,Ce,Pr,Nd,Tb,Tm,Lu,Hf,Os,Ir,Pt,Hg,Tl,Pb,Th,Pa,U,Cr kb,Ca ka-a sum,Ca ka-b sum,S2,W la,W la scat,W lb1,W lb1 scat,W lb2,W lb2 scat,Cr inc,Cr coh,Dt,Unnamed: 68,SectionFile,SectionLabel,File,Core,Section Top Depth CCSF (m),Section Bottom Depth CCSF (m)
20.57,C:\Data\Hemming\New XRF data\019_U1474D_4H1-L000006.spe,17.61,6.58,1,0.021481999999999998,-0.002728,0.009691,0.085882,43934,5.79,0,309,2406,0,273,8685,2593,14339,493277,0,8867,128,0,15807,169,144,93,329,23,141,2111,55,228,0,0,120,107,0,716,0,216,543,0,53,45,9,13,41,0,136,0,0,82,38,141,6198,703,154,4476,125,9,0,151,0,215,12260,35688,0.09300000000000001,,U1474D_4H1-L000006.spe,U1474D_4H1,L000006.spe,U1474D_4,20.548000000000002,22.048000000000002
20.59,C:\Data\Hemming\New XRF data\019_U1474D_4H1-L000019.spe,43.61,6.62,1,0.021481999999999998,-0.002728,0.009691,0.085882,38261,5.52,0,227,2064,0,190,7890,2758,12875,413523,0,8770,32,0,14782,178,112,36,688,68,105,1856,112,156,0,0,62,108,0,582,0,271,727,0,49,14,42,24,0,0,188,0,20,0,68,82,5781,556,78,4711,103,20,33,139,0,29,11061,33498,0.091,,U1474D_4H1-L000019.spe,U1474D_4H1,L000019.spe,U1474D_4,20.548000000000002,22.048000000000002
20.61,C:\Data\Hemming\New XRF data\019_U1474D_4H1-L000029.spe,63.61,6.63,1,0.021481999999999998,-0.002728,0.009691,0.085882,40187,5.98,0,250,2454,0,194,8285,2440,14600,419305,0,9616,167,0,17830,172,165,34,472,0,186,1897,140,238,0,0,70,103,0,773,0,308,564,0,129,0,43,45,64,0,149,0,33,83,45,145,6589,520,146,5536,125,51,0,188,0,189,12578,36226,0.096,,U1474D_4H1-L000029.spe,U1474D_4H1,L000029.spe,U1474D_4,20.548000000000002,22.048000000000002
20.63,C:\Data\Hemming\New XRF data\019_U1474D_4H1-L000039.spe,83.61,6.57,1,0.021481999999999998,-0.002728,0.009691,0.085882,42976,6.22,0,237,2523,0,171,8186,2388,14579,458925,0,9656,203,0,17190,172,124,53,404,39,154,1999,130,259,0,0,84,163,0,760,0,212,363,30,110,0,28,70,29,0,139,0,0,35,36,37,6482,571,166,5323,81,43,42,139,0,78,13090,35455,0.096,,U1474D_4H1-L000039.spe,U1474D_4H1,L000039.spe,U1474D_4,20.548000000000002,22.048000000000002
20.65,C:\Data\Hemming\New XRF data\019_U1474D_4H1-L000049.spe,103.61,6.5,1,0.021481999999999998,-0.002728,0.009691,0.085882,42191,5.91,0,328,2525,0,220,7752,2252,13594,494988,0,9109,204,0,14589,167,120,40,465,24,133,1891,110,240,0,0,159,161,0,582,0,227,454,0,42,111,53,23,53,0,203,0,0,110,114,113,6145,799,139,4336,165,59,35,119,0,69,12055,33004,0.08900000000000001,,U1474D_4H1-L000049.spe,U1474D_4H1,L000049.spe,U1474D_4,20.548000000000002,22.048000000000002
20.67,C:\Data\Hemming\New XRF data\019_U1474D_4H1-L000059.spe,123.61,6.47,1,0.021481999999999998,-0.002728,0.009691,0.085882,35400,6.21,33,298,2572,0,171,7719,2145,14142,401863,0,10055,142,0,16909,171,102,61,496,82,181,1885,119,228,0,0,92,147,0,766,0,216,332,0,25,0,39,10,0,0,212,0,37,177,98,126,6525,531,106,5074,93,12,0,190,0,234,13381,34597,0.09300000000000001,,U1474D_4H1-L000059.spe,U1474D_4H1,L000059.spe,U1474D_4,20.548000000000002,22.048000000000002
20.7,C:\Data\Hemming\New XRF data\019_U1474D_4H1-L000071.spe,147.61,6.58,1,0.021481999999999998,-0.002728,0.009691,0.085882,39488,5.57,0,287,2391,0,75,7682,2176,14246,438995,0,9828,206,0,16418,176,124,35,195,61,175,1866,105,244,0,0,78,140,0,728,0,196,493,5,63,0,0,28,12,0,125,0,0,85,0,66,6442,554,111,4941,4,0,144,67,0,0,11945,34216,0.092,,U1474D_4H1-L000071.spe,U1474D_4H1,L000071.spe,U1474D_4,20.548000000000002,22.048000000000002
20.72,C:\Data\Hemming\New XRF data\019_U1474D_4H1-L000081.spe,167.61,6.62,1,0.021481999999999998,-0.002728,0.009691,0.085882,46047,6.49,0,330,2232,0,161,7482,2350,13366,510023,0,8608,231,0,15373,186,110,32,149,81,213,2032,115,232,0,0,113,209,0,855,0,167,475,0,51,0,38,12,9,0,102,0,0,91,15,130,6341,870,208,4414,100,10,22,83,0,67,11899,32897,0.092,,U1474D_4H1-L000081.spe,U1474D_4H1,L000081.spe,U1474D_4,20.548000000000002,22.048000000000002
20.74,C:\Data\Hemming\New XRF data\019_U1474D_4H1-L000091.spe,187.61,6.61,1,0.021481999999999998,-0.002728,0.009691,0.085882,43967,5.97,0,284,2531,0,185,7673,2341,14338,467557,0,9788,243,0,16558,190,161,78,171,88,203,1872,133,202,0,58,108,142,0,750,0,230,362,9,15,0,99,0,0,0,102,0,32,45,39,141,6132,645,146,4953,157,12,0,213,0,203,12487,34119,0.091,,U1474D_4H1-L000091.spe,U1474D_4H1,L000091.spe,U1474D_4,20.548000000000002,22.048000000000002
20.76,C:\Data\Hemming\New XRF data\019_U1474D_4H1-L000101.spe,207.61,6.62,1,0.021481999999999998,-0.002728,0.009691,0.085882,38341,5.35,7,298,2510,0,142,7603,2311,14590,393339,0,10154,230,0,18287,164,113,20,183,41,154,1759,131,213,0,0,98,85,0,722,0,209,455,0,61,0,0,0,62,0,205,0,60,79,28,46,6255,436,58,4904,56,0,0,15,0,143,12126,36136,0.095,,U1474D_4H1-L000101.spe,U1474D_4H1,L000101.spe,U1474D_4,20.548000000000002,22.048000000000002
20.78,C:\Data\Hemming\New XRF data\019_U1474D_4H1-L000111.spe,227.61,6.65,1,0.021481999999999998,-0.002728,0.009691,0.085882,40057,5.51,0,320,2668,0,170,7647,2246,15264,427618,0,10710,201,0,18388,178,140,35,250,67,170,1772,115,297,0,0,67,148,0,681,0,209,679,0,85,0,13,44,19,0,109,0,0,130,81,69,6624,505,123,4514,124,32,159,67,0,0,11313,35678,0.09300000000000001,,U1474D_4H1-L000111.spe,U1474D_4H1,L000111.spe,U1474D_4,20.548000000000002,22.048000000000002
20.8,C:\Data\Hemming\New XRF data\019_U1474D_4H1-L000121.spe,247.61,6.66,1,0.021481999999999998,-0.002728,0.009691,0.085882,41701,6.09,0,289,2626,0,105,6939,2205,15303,465478,0,10631,121,0,16975,185,214,41,161,71,137,1932,72,289,0,0,155,76,0,651,0,275,624,13,127,0,57,30,0,0,34,0,0,34,0,53,6713,523,127,4914,83,0,250,16,37,0,11281,34346,0.092,,U1474D_4H1-L000121.spe,U1474D_4H1,L000121.spe,U1474D_4,20.548000000000002,22.048000000000002
20.82,C:\Data\Hemming\New XRF data\019_U1474D_4H1-L000131.spe,267.61,6.65,1,0.021481999999999998,-0.002728,0.009691,0.085882,41969,7.06,4,319,2771,0,91,7079,2362,15646,469124,0,10723,119,0,17361,157,114,49,97,80,181,1911,95,193,0,0,116,112,0,654,0,278,511,0,72,0,16,96,0,0,184,0,0,12,7,0,6671,642,132,5775,68,12,0,183,0,92,11595,34599,0.092,,U1474D_4H1-L000131.spe,U1474D_4H1,L000131.spe,U1474D_4,20.548000000000002,22.048000000000002
20.84,C:\Data\Hemming\New XRF data\019_U1474D_4H1-L000141.spe,287.61,6.66,1,0.021481999999999998,-0.002728,0.009691,0.085882,42337,6.24,15,335,2754,0,64,6695,2216,15330,472278,0,10245,169,0,16848,165,130,14,111,54,220,1875,81,265,0,0,112,202,0,683,0,218,396,0,93,0,0,40,35,0,121,0,0,41,0,56,6695,553,151,4888,65,13,0,206,0,128,12193,33668,0.09300000000000001,,U1474D_4H1-L000141.spe,U1474D_4H1,L000141.spe,U1474D_4,20.548000000000002,22.048000000000002
20.86,C:\Data\Hemming\New XRF data\019_U1474D_4H1-L000151.spe,307.61,6.67,1,0.021481999999999998,-0.002728,0.009691,0.085882,43550,6.39,0,316,2666,0,64,6862,2252,15475,482973,0,10047,199,0,16657,174,153,14,116,48,259,1998,169,221,0,0,78,165,0,931,0,266,702,43,68,0,0,24,28,0,176,0,0,107,0,84,6420,641,176,4920,68,7,135,103,0,0,11054,34243,0.094,,U1474D_4H1-L000151.spe,U1474D_4H1,L000151.spe,U1474D_4,20.548000000000002,22.048000000000002
20.88,C:\Data\Hemming\New XRF data\019_U1474D_4H1-L000161.spe,327.61,6.65,1,0.021481999999999998,-0.002728,0.009691,0.085882,42046,6.91,0,296,2698,0,70,6839,2228,14700,493293,0,9642,250,0,16614,145,109,72,87,0,190,1917,152,159,0,0,97,146,0,872,0,221,607,0,15,0,0,0,126,0,85,0,0,96,23,79,6770,851,180,5340,39,0,0,25,0,54,11236,33831,0.09,,U1474D_4H1-L000161.spe,U1474D_4H1,L000161.spe,U1474D_4,20.548000000000002,22.048000000000002
20.9,C:\Data\Hemming\New XRF data\019_U1474D_4H1-L000171.spe,347.61,6.65,1,0.021481999999999998,-0.002728,0.009691,0.085882,46274,6.58,0,307,2264,0,21,7004,2265,13095,562166,0,8023,246,0,13346,144,168,35,117,33,136,2133,126,242,0,0,84,178,0,686,0,189,326,0,74,11,7,8,19,0,94,0,0,121,76,68,6287,875,190,4115,70,0,40,51,0,27,11649,31638,0.092,,U1474D_4H1-L000171.spe,U1474D_4H1,L000171.spe,U1474D_4,20.548000000000002,22.048000000000002
20.92,C:\Data\Hemming\New XRF data\019_U1474D_4H1-L000181.spe,367.61,6.65,1,0.021481999999999998,-0.002728,0.009691,0.085882,50808,6.72,0,317,2121,0,41,7223,2254,11790,609529,0,6858,130,0,10977,103,138,0,139,77,120,2242,160,220,0,0,92,303,0,874,0,142,462,44,109,12,16,16,0,0,199,0,0,143,51,69,5982,1116,277,3543,47,0,0,88,0,130,10534,30405,0.09300000000000001,,U1474D_4H1-L000181.spe,U1474D_4H1,L000181.spe,U1474D_4,20.548000000000002,22.048000000000002
20.94,C:\Data\Hemming\New XRF data\019_U1474D_4H1-L000191.spe,387.61,6.67,1,0.021481999999999998,-0.002728,0.009691,0.085882,48223,6.67,0,284,2293,0,0,7097,2342,12489,580040,0,7112,158,0,12509,184,130,0,78,58,159,2198,137,266,0,0,6,251,0,781,0,205,460,0,94,93,0,58,10,0,79,0,0,118,20,86,6127,1000,177,3984,68,11,0,145,0,48,10770,31502,0.091,,U1474D_4H1-L000191.spe,U1474D_4H1,L000191.spe,U1474D_4,20.548000000000002,22.048000000000002
20.96,C:\Data\Hemming\New XRF data\019_U1474D_4H1-L000201.spe,407.61,6.67,1,0.021481999999999998,-0.002728,0.009691,0.085882,48556,6.77,0,223,2351,0,0,6882,2246,12706,583949,0,7465,94,0,12005,118,135,17,130,58,163,2207,60,193,0,0,133,288,0,830,0,221,503,22,43,0,28,0,0,0,156,0,0,74,38,25,5947,1053,292,3818,52,0,0,80,0,0,10644,30753,0.091,,U1474D_4H1-L000201.spe,U1474D_4H1,L000201.spe,U1474D_4,20.548000000000002,22.048000000000002
20.98,C:\Data\Hemming\New XRF data\019_U1474D_4H1-L000211.spe,427.61,6.68,1,0.021481999999999998,-0.002728,0.009691,0.085882,48024,7.07,0,323,2230,0,27,6834,2372,13057,578163,0,7475,120,0,12585,118,135,0,79,35,190,2129,126,227,0,0,99,216,0,776,0,203,412,0,56,0,30,42,14,0,120,0,0,9,21,78,6019,956,265,4732,73,34,0,149,0,63,10884,31241,0.09,,U1474D_4H1-L000211.spe,U1474D_4H1,L000211.spe,U1474D_4,20.548000000000002,22.048000000000002
21.0,C:\Data\Hemming\New XRF data\019_U1474D_4H1-L000221.spe,447.61,6.69,1,0.021481999999999998,-0.002728,0.009691,0.085882,48919,6.84,0,311,2438,0,106,6938,2162,13696,561728,0,8141,254,0,13107,135,124,6,98,90,193,2101,140,214,0,0,202,163,0,642,0,168,587,0,71,10,16,0,0,0,106,0,0,111,0,14,6108,1010,228,4561,76,56,0,146,0,147,10478,32012,0.092,,U1474D_4H1-L000221.spe,U1474D_4H1,L000221.spe,U1474D_4,20.548000000000002,22.048000000000002
21.02,C:\Data\Hemming\New XRF data\019_U1474D_4H1-L000231.spe,467.61,6.7,1,0.021481999999999998,-0.002728,0.009691,0.085882,45024,6.48,0,282,2484,0,86,6953,2380,13714,548766,0,8039,78,0,13097,177,155,20,55,74,87,2144,51,156,0,0,103,175,0,695,0,215,466,0,71,46,11,11,0,0,139,0,0,28,60,71,6132,810,146,4290,90,0,0,136,0,207,11290,32435,0.091,,U1474D_4H1-L000231.spe,U1474D_4H1,L000231.spe,U1474D_4,20.548000000000002,22.048000000000002
21.04,C:\Data\Hemming\New XRF data\019_U1474D_4H1-L000241.spe,487.61,6.7,1,0.021481999999999998,-0.002728,0.009691,0.085882,46750,6.44,6,327,2484,0,196,7062,2486,13983,551970,0,8585,131,0,13992,113,157,20,98,63,60,2188,79,153,0,0,54,210,0,586,0,228,591,0,30,34,0,66,45,0,88,0,0,53,121,73,6028,856,192,4442,60,0,0,179,0,330,10498,32644,0.091,,U1474D_4H1-L000241.spe,U1474D_4H1,L000241.spe,U1474D_4,20.548000000000002,22.048000000000002
21.06,C:\Data\Hemming\New XRF data\019_U1474D_4H1-L000251.spe,507.61,6.7,1,0.021481999999999998,-0.002728,0.009691,0.085882,47802,6.06,0,322,2607,0,80,6521,2417,14439,545123,0,8654,154,0,14415,148,198,51,79,43,83,2082,128,239,0,0,88,209,0,714,0,175,483,0,80,61,12,27,7,0,136,0,0,61,92,121,6275,819,125,3794,32,0,0,82,0,151,11297,32418,0.09300000000000001,,U1474D_4H1-L000251.spe,U1474D_4H1,L000251.spe,U1474D_4,20.548000000000002,22.048000000000002
21.08,C:\Data\Hemming\New XRF data\019_U1474D_4H1-L000261.spe,527.61,6.7,1,0.021481999999999998,-0.002728,0.009691,0.085882,45415,6.2,0,341,2578,0,95,6854,2273,14510,527390,0,8880,123,0,15216,178,150,38,105,37,166,2127,64,231,0,0,103,185,0,716,0,245,401,0,66,36,53,12,13,0,7,0,0,41,70,53,6148,853,176,4605,105,30,0,0,39,158,11535,33444,0.09300000000000001,,U1474D_4H1-L000261.spe,U1474D_4H1,L000261.spe,U1474D_4,20.548000000000002,22.048000000000002
21.1,C:\Data\Hemming\New XRF data\019_U1474D_4H1-L000271.spe,547.61,6.69,1,0.021481999999999998,-0.002728,0.009691,0.085882,45313,6.43,0,303,2644,0,21,6826,2272,14881,520444,0,9058,105,0,14530,171,138,76,82,126,142,2068,104,211,0,0,136,177,0,797,0,237,352,7,67,27,16,55,0,0,104,0,0,0,20,80,6787,865,150,4652,94,0,138,154,0,0,12018,33402,0.092,,U1474D_4H1-L000271.spe,U1474D_4H1,L000271.spe,U1474D_4,20.548000000000002,22.048000000000002
21.12,C:\Data\Hemming\New XRF data\019_U1474D_4H1-L000281.spe,567.61,6.69,1,0.021481999999999998,-0.002728,0.009691,0.085882,43953,6.21,0,296,2582,0,139,7319,2430,14746,507394,0,9395,196,0,14863,163,113,57,137,90,120,2087,143,266,0,0,11,186,0,672,0,195,312,0,56,32,40,34,0,0,79,0,0,31,109,50,6255,765,161,4298,150,68,0,181,0,290,12357,33420,0.091,,U1474D_4H1-L000281.spe,U1474D_4H1,L000281.spe,U1474D_4,20.548000000000002,22.048000000000002
21.14,C:\Data\Hemming\New XRF data\019_U1474D_4H1-L000291.spe,587.61,6.68,1,0.021481999999999998,-0.002728,0.009691,0.085882,44923,6.63,0,269,2348,0,87,7523,2326,14574,517828,0,8798,295,0,14487,146,164,20,83,45,172,2010,167,253,0,0,141,160,0,884,0,115,495,0,68,19,12,0,14,0,188,0,0,51,0,72,6280,761,117,4664,67,0,0,87,0,91,11745,33189,0.091,,U1474D_4H1-L000291.spe,U1474D_4H1,L000291.spe,U1474D_4,20.548000000000002,22.048000000000002
21.16,C:\Data\Hemming\New XRF data\019_U1474D_4H1-L000301.spe,607.61,6.67,1,0.021481999999999998,-0.002728,0.009691,0.085882,43736,6.27,0,299,2377,0,19,7417,2357,14245,521943,0,9310,161,0,14052,167,138,39,114,87,98,1984,98,290,0,0,130,184,0,651,0,223,554,0,35,37,26,38,42,0,155,0,0,40,75,137,6575,837,212,4344,83,51,0,113,0,225,10987,33275,0.09,,U1474D_4H1-L000301.spe,U1474D_4H1,L000301.spe,U1474D_4,20.548000000000002,22.048000000000002
21.18,C:\Data\Hemming\New XRF data\019_U1474D_4H1-L000311.spe,627.61,6.68,1,0.021481999999999998,-0.002728,0.009691,0.085882,45034,6.24,0,247,2249,0,98,7547,2359,13865,514023,0,9388,101,0,14381,183,147,31,116,71,198,2044,189,236,0,0,115,155,0,564,0,205,366,0,38,0,30,60,10,0,180,0,0,45,10,69,6149,790,218,4625,64,25,167,147,0,0,12315,32823,0.092,,U1474D_4H1-L000311.spe,U1474D_4H1,L000311.spe,U1474D_4,20.548000000000002,22.048000000000002
21.2,C:\Data\Hemming\New XRF data\019_U1474D_4H1-L000321.spe,647.61,6.67,1,0.021481999999999998,-0.002728,0.009691,0.085882,45080,5.84,0,274,2434,0,124,7357,2514,14054,522477,0,8875,187,0,14288,121,133,32,122,33,55,2074,128,295,0,0,52,184,0,821,0,131,508,43,135,56,18,36,38,0,211,0,0,56,176,114,5917,813,136,3865,46,0,0,180,0,82,11949,33439,0.09300000000000001,,U1474D_4H1-L000321.spe,U1474D_4H1,L000321.spe,U1474D_4,20.548000000000002,22.048000000000002
21.22,C:\Data\Hemming\New XRF data\019_U1474D_4H1-L000331.spe,667.61,6.66,1,0.021481999999999998,-0.002728,0.009691,0.085882,44792,6.74,0,272,2480,0,70,7427,2467,13773,516444,0,8797,123,0,14526,163,56,0,102,39,182,1894,66,230,0,0,78,148,0,720,0,235,424,39,63,71,48,8,0,0,128,0,0,5,0,24,6253,883,132,4968,80,0,0,163,0,48,11756,33061,0.092,,U1474D_4H1-L000331.spe,U1474D_4H1,L000331.spe,U1474D_4,20.548000000000002,22.048000000000002
21.24,C:\Data\Hemming\New XRF data\019_U1474D_4H1-L000341.spe,687.61,6.64,1,0.021481999999999998,-0.002728,0.009691,0.085882,44036,6.15,0,263,2400,0,64,7475,2379,13693,509693,0,9040,39,0,15002,130,161,7,86,60,199,2002,106,212,0,0,101,151,0,474,0,265,574,18,16,27,49,0,5,0,120,0,29,88,50,119,6043,779,176,4955,80,41,0,153,0,349,11158,33353,0.08900000000000001,,U1474D_4H1-L000341.spe,U1474D_4H1,L000341.spe,U1474D_4,20.548000000000002,22.048000000000002
21.26,C:\Data\Hemming\New XRF data\019_U1474D_4H1-L000351.spe,707.61,6.63,1,0.021481999999999998,-0.002728,0.009691,0.085882,45305,6.37,0,303,2389,0,140,7700,2563,13726,501214,0,9315,231,0,15111,184,135,42,106,5,38,2120,136,278,0,0,19,185,0,594,0,226,573,0,52,0,8,32,83,0,43,0,22,108,144,108,6247,793,213,5019,155,0,0,89,35,126,11438,33675,0.09300000000000001,,U1474D_4H1-L000351.spe,U1474D_4H1,L000351.spe,U1474D_4,20.548000000000002,22.048000000000002
21.28,C:\Data\Hemming\New XRF data\019_U1474D_4H1-L000361.spe,727.61,6.62,1,0.021481999999999998,-0.002728,0.009691,0.085882,43126,5.86,6,247,2328,0,118,7819,2451,13814,489735,0,9463,154,0,15420,166,137,6,127,27,131,1967,112,212,0,0,129,145,0,641,0,246,419,0,81,7,32,18,0,0,171,0,6,125,109,109,6251,718,179,4729,70,30,0,115,0,70,12014,34296,0.091,,U1474D_4H1-L000361.spe,U1474D_4H1,L000361.spe,U1474D_4,20.548000000000002,22.048000000000002
21.3,C:\Data\Hemming\New XRF data\019_U1474D_4H1-L000371.spe,747.61,6.6,1,0.021481999999999998,-0.002728,0.009691,0.085882,43590,6.74,0,326,2396,0,64,7796,2433,13854,482304,0,9380,138,0,15475,185,186,41,121,93,102,2003,136,346,0,0,115,168,0,604,0,186,480,0,76,0,20,70,0,0,93,0,0,0,100,99,6493,598,196,4958,119,0,0,204,0,269,12102,33864,0.09300000000000001,,U1474D_4H1-L000371.spe,U1474D_4H1,L000371.spe,U1474D_4,20.548000000000002,22.048000000000002
21.32,C:\Data\Hemming\New XRF data\019_U1474D_4H1-L000381.spe,767.61,6.59,1,0.021481999999999998,-0.002728,0.009691,0.085882,43512,6.0,20,274,2368,0,136,7661,2380,13863,483767,0,9337,246,0,15892,169,107,0,119,18,151,1907,68,222,0,0,89,119,0,657,0,171,467,0,66,65,38,0,47,0,122,0,0,150,43,150,6075,720,31,4852,83,22,0,148,0,20,11720,33958,0.095,,U1474D_4H1-L000381.spe,U1474D_4H1,L000381.spe,U1474D_4,20.548000000000002,22.048000000000002
21.34,C:\Data\Hemming\New XRF data\019_U1474D_4H1-L000391.spe,787.61,6.58,1,0.021481999999999998,-0.002728,0.009691,0.085882,40642,5.66,0,229,2328,0,65,7804,2422,14074,459749,0,9872,272,0,16181,181,106,32,121,87,122,1944,48,227,0,0,68,173,0,655,0,239,533,5,38,65,44,0,0,0,162,0,12,83,0,65,6047,670,110,4175,80,14,64,24,0,56,12261,34862,0.092,,U1474D_4H1-L000391.spe,U1474D_4H1,L000391.spe,U1474D_4,20.548000000000002,22.048000000000002
21.36,C:\Data\Hemming\New XRF data\019_U1474D_4H1-L000401.spe,807.61,6.56,1,0.021481999999999998,-0.002728,0.009691,0.085882,41879,6.0,0,264,2564,0,133,7606,2395,14696,461226,0,10265,197,0,17268,188,121,39,139,62,180,1919,117,246,0,0,122,78,0,724,0,186,583,0,72,18,8,61,19,0,151,0,10,95,20,0,6266,648,124,4823,126,11,0,169,0,68,11941,34646,0.09300000000000001,,U1474D_4H1-L000401.spe,U1474D_4H1,L000401.spe,U1474D_4,20.548000000000002,22.048000000000002
21.38,C:\Data\Hemming\New XRF data\019_U1474D_4H1-L000411.spe,827.61,6.52,1,0.021481999999999998,-0.002728,0.009691,0.085882,41360,6.72,0,304,2727,0,81,7257,2416,14959,456468,0,10676,70,0,18121,219,135,34,130,0,136,1947,110,297,0,0,84,131,0,754,0,221,402,0,25,0,27,0,58,9,119,21,0,86,79,120,6689,644,199,5403,61,38,0,53,0,239,12443,34650,0.09300000000000001,,U1474D_4H1-L000411.spe,U1474D_4H1,L000411.spe,U1474D_4,20.548000000000002,22.048000000000002
21.4,C:\Data\Hemming\New XRF data\019_U1474D_4H1-L000421.spe,847.61,6.48,1,0.021481999999999998,-0.002728,0.009691,0.085882,41268,6.12,0,325,2773,0,58,6920,2336,15131,447459,0,10730,137,0,18235,154,124,37,148,65,163,1944,224,193,0,0,75,89,0,614,0,230,620,15,69,0,45,25,31,0,171,0,0,146,160,84,6336,553,168,5148,77,16,0,145,0,191,11369,35033,0.09300000000000001,,U1474D_4H1-L000421.spe,U1474D_4H1,L000421.spe,U1474D_4,20.548000000000002,22.048000000000002
21.42,C:\Data\Hemming\New XRF data\019_U1474D_4H1-L000431.spe,867.61,6.46,1,0.021481999999999998,-0.002728,0.009691,0.085882,40338,5.9,0,322,2875,0,104,6936,2416,15158,431112,0,10708,289,0,19100,197,93,113,98,93,130,1843,168,275,0,0,96,152,0,894,0,137,307,0,101,58,7,66,0,0,53,0,0,73,62,101,6416,644,83,4990,115,0,0,117,0,153,12702,34964,0.09300000000000001,,U1474D_4H1-L000431.spe,U1474D_4H1,L000431.spe,U1474D_4,20.548000000000002,22.048000000000002
21.44,C:\Data\Hemming\New XRF data\019_U1474D_4H1-L000441.spe,887.61,6.47,1,0.021481999999999998,-0.002728,0.009691,0.085882,40791,6.64,0,299,2717,0,114,6799,2338,15435,438699,0,10433,192,0,18740,171,157,42,106,27,163,1836,109,218,0,0,59,89,0,886,0,237,524,0,72,0,0,11,13,0,184,6,0,52,107,79,6645,484,114,5429,78,0,0,114,0,244,11837,35226,0.091,,U1474D_4H1-L000441.spe,U1474D_4H1,L000441.spe,U1474D_4,20.548000000000002,22.048000000000002
21.46,C:\Data\Hemming\New XRF data\019_U1474D_4H1-L000451.spe,907.61,6.46,1,0.021481999999999998,-0.002728,0.009691,0.085882,39647,6.89,0,343,2900,0,44,6988,2373,15692,422772,0,10799,351,0,20200,222,143,0,77,72,233,1729,86,226,0,0,74,147,0,801,0,187,244,0,91,38,33,69,0,0,124,0,0,52,17,120,7013,479,18,5726,106,0,0,167,0,66,13383,34692,0.095,,U1474D_4H1-L000451.spe,U1474D_4H1,L000451.spe,U1474D_4,20.548000000000002,22.048000000000002
21.48,C:\Data\Hemming\New XRF data\019_U1474D_4H1-L000461.spe,927.61,6.44,1,0.021481999999999998,-0.002728,0.009691,0.085882,42193,5.59,0,317,2759,0,95,6658,2346,15641,460965,0,10698,259,0,17594,187,156,109,126,140,178,2030,161,198,0,0,103,166,0,707,0,195,527,0,4,8,58,36,0,0,139,0,0,123,15,28,6183,664,128,4365,101,99,118,88,0,0,11515,34840,0.09300000000000001,,U1474D_4H1-L000461.spe,U1474D_4H1,L000461.spe,U1474D_4,20.548000000000002,22.048000000000002
21.5,C:\Data\Hemming\New XRF data\019_U1474D_4H1-L000471.spe,947.61,6.41,1,0.021481999999999998,-0.002728,0.009691,0.085882,41112,6.24,0,341,2836,0,29,6778,2496,15804,434016,0,11143,306,0,18867,202,119,53,131,68,184,1883,138,230,0,0,87,137,0,772,0,248,476,0,17,0,0,17,0,0,161,0,0,74,7,69,6633,576,140,5144,110,0,318,36,0,0,12216,34613,0.094,,U1474D_4H1-L000471.spe,U1474D_4H1,L000471.spe,U1474D_4,20.548000000000002,22.048000000000002
21.52,C:\Data\Hemming\New XRF data\019_U1474D_4H1-L000481.spe,967.61,6.36,1,0.021481999999999998,-0.002728,0.009691,0.085882,36953,6.2,0,371,3143,0,85,6445,2417,16053,419010,0,11575,118,0,19585,179,115,45,119,77,171,1804,133,250,0,0,126,110,0,731,0,237,591,0,35,0,0,0,0,0,98,0,0,52,89,95,6723,548,86,5275,5,6,34,56,0,41,11614,34768,0.092,,U1474D_4H1-L000481.spe,U1474D_4H1,L000481.spe,U1474D_4,20.548000000000002,22.048000000000002
21.54,C:\Data\Hemming\New XRF data\019_U1474D_4H1-L000492.spe,989.61,6.32,1,0.021481999999999998,-0.002728,0.009691,0.085882,39168,6.4,0,347,2940,0,101,6443,2440,16242,412747,0,11977,261,0,19352,228,121,31,71,7,264,1807,81,273,0,0,87,110,0,655,0,237,431,0,122,43,0,16,30,8,141,25,0,32,0,126,6451,450,21,5437,93,0,41,21,0,62,11770,35671,0.095,,U1474D_4H1-L000492.spe,U1474D_4H1,L000492.spe,U1474D_4,20.548000000000002,22.048000000000002
21.56,C:\Data\Hemming\New XRF data\019_U1474D_4H1-L000502.spe,1009.61,6.32,1,0.021481999999999998,-0.002728,0.009691,0.085882,38498,6.6,9,311,2943,0,82,6510,2267,15617,414225,0,11210,264,0,19046,166,127,41,128,4,159,1776,79,297,0,0,163,103,0,882,0,227,271,101,26,0,0,5,31,0,173,0,0,14,84,34,6088,430,155,5830,80,19,0,113,0,130,12426,34194,0.092,,U1474D_4H1-L000502.spe,U1474D_4H1,L000502.spe,U1474D_4,20.548000000000002,22.048000000000002
21.58,C:\Data\Hemming\New XRF data\019_U1474D_4H1-L000512.spe,1029.6,6.32,1,0.021481999999999998,-0.002728,0.009691,0.085882,38231,5.52,0,347,3064,0,40,6446,2410,16568,396342,0,11712,244,0,20934,238,139,16,117,83,194,1741,101,300,0,0,22,113,0,742,0,234,505,0,111,13,42,41,0,0,50,0,0,10,33,44,6380,473,122,4872,125,0,0,133,0,68,11974,35980,0.091,,U1474D_4H1-L000512.spe,U1474D_4H1,L000512.spe,U1474D_4,20.548000000000002,22.048000000000002
21.6,C:\Data\Hemming\New XRF data\019_U1474D_4H1-L000523.spe,1051.6,6.26,1,0.021481999999999998,-0.002728,0.009691,0.085882,34470,5.85,0,325,3077,0,109,6744,2493,16935,354495,0,11943,192,0,23641,247,134,80,133,81,236,1754,44,356,0,0,47,107,0,882,0,252,527,0,0,0,15,0,0,0,138,37,0,49,51,63,6609,367,108,5381,73,15,207,42,0,0,12495,36830,0.095,,U1474D_4H1-L000523.spe,U1474D_4H1,L000523.spe,U1474D_4,20.548000000000002,22.048000000000002
21.62,C:\Data\Hemming\New XRF data\019_U1474D_4H1-L000533.spe,1071.6,6.26,1,0.021481999999999998,-0.002728,0.009691,0.085882,37688,6.35,0,244,3000,0,88,6479,2455,16768,374517,0,11669,405,0,23093,197,103,0,127,51,240,1722,26,254,0,0,51,101,0,922,0,120,341,0,79,0,0,19,35,0,53,0,0,91,33,0,6752,390,56,5940,54,47,77,134,0,0,13098,35761,0.096,,U1474D_4H1-L000533.spe,U1474D_4H1,L000533.spe,U1474D_4,20.548000000000002,22.048000000000002
21.64,C:\Data\Hemming\New XRF data\019_U1474D_4H1-L000543.spe,1091.6,6.23,1,0.021481999999999998,-0.002728,0.009691,0.085882,37222,5.24,0,343,3100,0,75,6580,2400,17114,375985,0,12225,368,0,21737,250,126,70,149,19,167,1707,75,294,0,0,77,105,0,861,0,167,510,0,96,6,0,44,25,0,124,0,0,50,0,5,6210,408,36,5115,50,0,111,95,0,0,12538,35885,0.094,,U1474D_4H1-L000543.spe,U1474D_4H1,L000543.spe,U1474D_4,20.548000000000002,22.048000000000002
21.66,C:\Data\Hemming\New XRF data\019_U1474D_4H1-L000553.spe,1111.6,6.21,1,0.021481999999999998,-0.002728,0.009691,0.085882,36799,5.88,24,318,3173,0,55,6495,2433,17350,373229,0,12246,186,0,21315,181,112,54,146,0,142,1683,129,357,0,0,94,34,0,740,0,268,385,48,14,15,18,10,87,0,107,0,0,0,19,95,6428,442,53,5229,80,79,0,154,0,148,12857,35736,0.094,,U1474D_4H1-L000553.spe,U1474D_4H1,L000553.spe,U1474D_4,20.548000000000002,22.048000000000002
21.68,C:\Data\Hemming\New XRF data\019_U1474D_4H1-L000564.spe,1133.6,6.19,1,0.021481999999999998,-0.002728,0.009691,0.085882,36666,5.52,0,328,3001,0,115,6555,2406,16778,358032,0,12408,318,0,21484,205,150,10,85,116,205,1706,123,247,0,0,89,106,0,830,0,231,449,0,138,53,86,9,17,0,109,0,0,62,0,31,6367,356,43,5511,143,8,0,97,0,140,12608,36254,0.095,,U1474D_4H1-L000564.spe,U1474D_4H1,L000564.spe,U1474D_4,20.548000000000002,22.048000000000002
21.7,C:\Data\Hemming\New XRF data\019_U1474D_4H1-L000574.spe,1153.6,6.17,1,0.021481999999999998,-0.002728,0.009691,0.085882,37138,5.95,0,333,2926,0,115,6559,2367,16522,372206,0,11705,227,0,21236,218,127,55,146,110,171,1749,104,227,0,0,99,45,0,759,0,154,236,0,21,0,18,70,9,0,87,0,0,29,19,122,6407,450,60,5764,41,0,16,97,0,38,13283,35397,0.094,,U1474D_4H1-L000574.spe,U1474D_4H1,L000574.spe,U1474D_4,20.548000000000002,22.048000000000002
21.72,C:\Data\Hemming\New XRF data\019_U1474D_4H1-L000584.spe,1173.6,6.13,1,0.021481999999999998,-0.002728,0.009691,0.085882,36775,5.71,0,321,2939,0,103,6692,2430,16595,373310,0,12238,189,0,20940,187,179,114,103,70,238,1674,59,207,0,0,6,116,0,701,0,220,569,0,90,0,0,0,0,0,102,0,26,26,0,43,6503,381,32,5267,57,0,159,0,0,0,11790,35811,0.095,,U1474D_4H1-L000584.spe,U1474D_4H1,L000584.spe,U1474D_4,20.548000000000002,22.048000000000002
21.74,C:\Data\Hemming\New XRF data\019_U1474D_4H1-L000594.spe,1193.6,6.08,1,0.021481999999999998,-0.002728,0.009691,0.085882,36771,5.97,0,321,3000,0,105,6417,2248,16324,371386,0,12076,142,0,20504,239,114,69,142,64,209,1649,79,226,0,0,142,75,0,718,0,273,573,0,87,0,15,80,58,0,128,0,0,82,55,70,6436,405,60,5447,112,56,21,102,0,44,11585,36256,0.09300000000000001,,U1474D_4H1-L000594.spe,U1474D_4H1,L000594.spe,U1474D_4,20.548000000000002,22.048000000000002
21.76,C:\Data\Hemming\New XRF data\019_U1474D_4H1-L000604.spe,1213.6,6.07,1,0.021481999999999998,-0.002728,0.009691,0.085882,36821,6.06,0,350,2884,0,54,6670,2459,16092,366403,0,12218,97,0,20153,195,133,36,67,94,174,1759,160,283,0,0,0,100,0,590,0,298,391,0,92,53,17,20,0,0,208,0,15,56,133,63,6461,339,38,5986,70,19,254,36,0,0,11995,35174,0.092,,U1474D_4H1-L000604.spe,U1474D_4H1,L000604.spe,U1474D_4,20.548000000000002,22.048000000000002
21.78,C:\Data\Hemming\New XRF data\019_U1474D_4H1-L000614.spe,1233.6,6.06,1,0.021481999999999998,-0.002728,0.009691,0.085882,36893,5.79,0,300,2820,0,65,6599,2356,16183,369788,0,11914,252,0,20462,244,89,30,74,42,192,1716,177,304,0,0,45,113,0,901,0,157,332,0,87,37,0,10,21,0,178,0,33,61,0,143,6436,464,33,5635,86,37,0,151,0,167,12823,35475,0.094,,U1474D_4H1-L000614.spe,U1474D_4H1,L000614.spe,U1474D_4,20.548000000000002,22.048000000000002
21.8,C:\Data\Hemming\New XRF data\019_U1474D_4H1-L000624.spe,1253.6,6.07,1,0.021481999999999998,-0.002728,0.009691,0.085882,36647,5.96,0,343,2844,0,68,6404,2367,16192,372998,0,11886,184,0,20495,194,113,19,80,102,168,1691,129,305,0,0,96,115,0,719,0,222,489,0,83,46,43,90,0,0,139,0,9,9,78,122,6431,464,21,5599,79,58,0,107,0,179,12155,35300,0.094,,U1474D_4H1-L000624.spe,U1474D_4H1,L000624.spe,U1474D_4,20.548000000000002,22.048000000000002
21.82,C:\Data\Hemming\New XRF data\019_U1474D_4H1-L000634.spe,1273.6,6.06,1,0.021481999999999998,-0.002728,0.009691,0.085882,36753,5.91,0,340,2906,0,109,6651,2563,16091,373914,0,11294,248,0,20362,211,136,70,82,64,173,1709,100,182,0,0,98,86,0,1035,0,197,323,0,24,35,28,20,17,0,168,0,28,83,84,26,6098,402,17,5196,94,20,246,93,0,0,12729,34758,0.09300000000000001,,U1474D_4H1-L000634.spe,U1474D_4H1,L000634.spe,U1474D_4,20.548000000000002,22.048000000000002
21.84,C:\Data\Hemming\New XRF data\019_U1474D_4H1-L000644.spe,1293.6,6.04,1,0.021481999999999998,-0.002728,0.009691,0.085882,37097,5.63,0,265,2845,0,42,6391,2502,16478,382474,0,11750,218,0,19985,187,163,43,83,68,189,1708,91,257,0,0,81,74,0,815,0,236,414,0,153,0,0,19,0,0,172,0,0,81,0,100,6259,456,68,5126,100,0,13,91,0,8,11914,34329,0.094,,U1474D_4H1-L000644.spe,U1474D_4H1,L000644.spe,U1474D_4,20.548000000000002,22.048000000000002
21.86,C:\Data\Hemming\New XRF data\019_U1474D_4H1-L000654.spe,1313.6,6.03,1,0.021481999999999998,-0.002728,0.009691,0.085882,37400,5.72,0,345,2866,0,39,6265,2475,16095,395140,0,11511,148,0,18122,200,139,42,127,49,100,1657,147,195,0,0,57,108,0,880,0,210,429,0,39,5,10,0,0,28,167,0,0,14,146,58,6051,494,47,4674,86,34,92,24,0,0,11835,33814,0.094,,U1474D_4H1-L000654.spe,U1474D_4H1,L000654.spe,U1474D_4,20.548000000000002,22.048000000000002
21.88,C:\Data\Hemming\New XRF data\019_U1474D_4H1-L000664.spe,1333.6,6.03,1,0.021481999999999998,-0.002728,0.009691,0.085882,38142,5.37,0,363,2948,0,99,6191,2636,16086,404634,0,11037,129,0,17548,197,181,45,134,38,179,1791,87,291,0,0,40,110,0,688,0,291,329,0,43,0,38,5,15,0,114,0,0,0,22,107,5815,465,90,4289,94,0,0,157,0,132,12105,33887,0.094,,U1474D_4H1-L000664.spe,U1474D_4H1,L000664.spe,U1474D_4,20.548000000000002,22.048000000000002
21.9,C:\Data\Hemming\New XRF data\019_U1474D_4H1-L000674.spe,1353.6,6.02,1,0.021481999999999998,-0.002728,0.009691,0.085882,40239,6.17,0,337,3000,0,100,6274,2448,15781,412792,0,10947,122,0,17931,216,141,36,88,93,237,1801,141,243,0,0,88,143,0,678,0,222,254,54,23,13,0,47,0,0,87,0,0,31,0,0,6181,488,85,5099,91,0,0,134,0,74,12385,33314,0.092,,U1474D_4H1-L000674.spe,U1474D_4H1,L000674.spe,U1474D_4,20.548000000000002,22.048000000000002
21.92,C:\Data\Hemming\New XRF data\019_U1474D_4H1-L000684.spe,1373.6,5.99,1,0.021481999999999998,-0.002728,0.009691,0.085882,38974,5.65,14,346,2884,0,98,6110,2525,15510,426215,0,10523,271,0,17080,200,101,17,101,68,180,1890,172,238,0,0,80,112,0,699,0,116,295,11,55,0,7,36,0,0,140,0,25,90,28,95,5652,565,133,4473,55,44,0,80,0,0,11773,32827,0.092,,U1474D_4H1-L000684.spe,U1474D_4H1,L000684.spe,U1474D_4,20.548000000000002,22.048000000000002
21.94,C:\Data\Hemming\New XRF data\019_U1474D_4H1-L000694.spe,1393.6,5.99,1,0.021481999999999998,-0.002728,0.009691,0.085882,39615,5.43,0,300,2734,0,62,6316,2553,14869,432088,0,9880,258,0,15788,204,106,13,72,72,153,1884,125,224,12,18,126,134,0,674,0,227,555,0,68,67,19,27,0,0,119,0,0,22,21,0,5684,601,59,4230,44,45,120,187,0,0,10555,32169,0.08900000000000001,,U1474D_4H1-L000694.spe,U1474D_4H1,L000694.spe,U1474D_4,20.548000000000002,22.048000000000002
21.96,C:\Data\Hemming\New XRF data\019_U1474D_4H1-L000704.spe,1413.6,6.03,1,0.021481999999999998,-0.002728,0.009691,0.085882,40007,5.96,0,281,2515,0,43,6621,2616,14669,442095,0,9346,273,0,15150,152,188,17,142,58,98,1744,106,238,0,0,85,111,0,831,0,149,463,0,56,0,56,44,50,0,178,0,4,118,70,84,5912,566,167,4325,146,29,0,285,0,117,11553,31855,0.09,,U1474D_4H1-L000704.spe,U1474D_4H1,L000704.spe,U1474D_4,20.548000000000002,22.048000000000002
21.98,C:\Data\Hemming\New XRF data\019_U1474D_4H1-L000714.spe,1433.6,6.03,1,0.021481999999999998,-0.002728,0.009691,0.085882,42127,5.91,0,313,2546,0,68,6487,2504,14689,466323,0,9100,93,0,14690,200,119,33,101,19,141,1932,104,222,0,0,117,120,0,775,0,164,349,6,45,0,36,25,55,0,187,23,0,75,43,113,5476,636,184,4299,108,0,142,74,0,0,11338,31017,0.09,,U1474D_4H1-L000714.spe,U1474D_4H1,L000714.spe,U1474D_4,20.548000000000002,22.048000000000002
22.0,C:\Data\Hemming\New XRF data\019_U1474D_4H1-L000724.spe,1453.6,6.01,1,0.021481999999999998,-0.002728,0.009691,0.085882,42568,6.03,6,270,2442,0,133,6631,2441,13870,495619,0,8693,105,0,13472,158,144,53,76,57,135,1847,108,264,0,0,191,153,0,594,0,203,320,0,52,45,45,0,0,10,87,0,19,38,0,142,5702,730,154,4708,110,0,0,105,0,116,10827,31395,0.08900000000000001,,U1474D_4H1-L000724.spe,U1474D_4H1,L000724.spe,U1474D_4,20.548000000000002,22.048000000000002
22.02,C:\Data\Hemming\New XRF data\019_U1474D_4H1-L000734.spe,1473.6,6.05,1,0.021481999999999998,-0.002728,0.009691,0.085882,42035,6.21,0,285,2436,0,54,6511,2477,13673,493296,0,8159,149,0,12675,151,139,50,102,65,149,1909,120,207,0,35,65,145,0,772,0,171,453,58,58,36,41,34,0,0,79,0,0,83,6,0,5447,669,158,4084,109,35,58,98,0,15,10540,31472,0.08800000000000001,,U1474D_4H1-L000734.spe,U1474D_4H1,L000734.spe,U1474D_4,20.548000000000002,22.048000000000002
