Exp,Site,Hole,Core,Type,Sect,Recovered length (m),Curated length (m),Top depth CSF-A (m),Bottom depth CSF-A (m),Top depth CCSF-361-U1474-ABDEF-20160220 (m),Bottom depth CCSF-361-U1474-ABDEF-20160220 (m),Text ID of section,Text ID of archive half,Text ID of working half,Catwalk samples (no.),Section half samples (no.),Comments
361,U1474,A,1,H,1,1.5,1.5,0,1.5,0,1.5,SECT7597361,SHLF7597381,SHLF7597371,1,14,
361,U1474,A,1,H,2,1.5,1.5,1.5,3,1.5,3,SECT7597391,SHLF7597411,SHLF7597401,0,6,
361,U1474,A,1,H,3,1.01,1.01,3,4.01,3,4.01,SECT7597421,SHLF7597441,SHLF7597431,1,13,
361,U1474,A,1,H,4,1.23,1.23,4.01,5.24,4.01,5.24,SECT7597451,SHLF7597471,SHLF7597461,1,8,
361,U1474,A,1,H,CC,0.19,0.19,5.24,5.43,5.24,5.43,SECT7597481,SHLF7597501,SHLF7597491,1,2,
361,U1474,A,2,H,1,1.5,1.5,5.4,6.9,3.902,5.402,SECT7597771,SHLF7597791,SHLF7597781,0,6,
361,U1474,A,2,H,2,1.5,1.5,6.9,8.4,5.402,6.902,SECT7597801,SHLF7597821,SHLF7597811,0,7,
361,U1474,A,2,H,3,1.5,1.5,8.4,9.9,6.902,8.402,SECT7597831,SHLF7597851,SHLF7597841,0,19,
361,U1474,A,2,H,4,1.5,1.5,9.9,11.4,8.402,9.902,SECT7597861,SHLF7597881,SHLF7597871,0,20,
361,U1474,A,2,H,5,1.5,1.5,11.4,12.9,9.902,11.402,SECT7597891,SHLF7597911,SHLF7597901,0,14,
361,U1474,A,2,H,6,1.21,1.21,12.9,14.11,11.402,12.612,SECT7597921,SHLF7597941,SHLF7597931,1,10,
361,U1474,A,2,H,7,0.54,0.54,14.11,14.65,12.612,13.152,SECT7597951,SHLF7597971,SHLF7597961,1,12,
361,U1474,A,2,H,CC,0.19,0.19,14.65,14.84,13.152,13.342,SECT7597981,SHLF7598001,SHLF7597991,1,0,
361,U1474,A,3,H,1,1.5,1.5,14.9,16.4,13.203,14.703,SECT7598291,SHLF7598311,SHLF7598301,0,4,
361,U1474,A,3,H,2,1.5,1.5,16.4,17.9,14.703,16.203,SECT7598321,SHLF7598341,SHLF7598331,0,3,
361,U1474,A,3,H,3,1.5,1.5,17.9,19.4,16.203,17.703,SECT7598351,SHLF7598371,SHLF7598361,0,16,
361,U1474,A,3,H,4,1.5,1.5,19.4,20.9,17.703,19.203,SECT7598381,SHLF7598401,SHLF7598391,0,48,
361,U1474,A,3,H,5,1.5,1.5,20.9,22.4,19.203,20.703,SECT7598411,SHLF7598431,SHLF7598421,0,52,
361,U1474,A,3,H,6,1,1,22.4,23.4,20.703,21.703,SECT7598441,SHLF7598461,SHLF7598451,1,20,
361,U1474,A,3,H,7,0.56,0.56,23.4,23.96,21.703,22.263,SECT7598471,SHLF7598491,SHLF7598481,1,3,
361,U1474,A,3,H,CC,0.25,0.25,23.96,24.21,22.263,22.513,SECT7598501,SHLF7598521,SHLF7598511,1,0,
361,U1474,A,4,H,1,1.5,1.5,24.4,25.9,24.996,26.496,SECT7598731,SHLF7598751,SHLF7598741,0,3,
361,U1474,A,4,H,2,1.5,1.5,25.9,27.4,26.496,27.996,SECT7598761,SHLF7598781,SHLF7598771,0,6,
361,U1474,A,4,H,3,1.5,1.5,27.4,28.9,27.996,29.496,SECT7598791,SHLF7598811,SHLF7598801,0,11,
361,U1474,A,4,H,4,1.5,1.5,28.9,30.4,29.496,30.996,SECT7598821,SHLF7598841,SHLF7598831,0,20,
361,U1474,A,4,H,5,1.5,1.5,30.4,31.9,30.996,32.496,SECT7598851,SHLF7598871,SHLF7598861,0,50,
361,U1474,A,4,H,6,1.5,1.5,31.9,33.4,32.496,33.996,SECT7598881,SHLF7598901,SHLF7598891,1,43,
361,U1474,A,4,H,7,0.74,0.74,33.4,34.14,33.996,34.736,SECT7598911,SHLF7598931,SHLF7598921,1,6,
361,U1474,A,4,H,CC,0.29,0.29,34.14,34.43,34.736,35.026,SECT7598941,SHLF7598961,SHLF7598951,1,0,
361,U1474,A,5,H,1,1.5,1.5,33.9,35.4,34.16,35.66,SECT7599261,SHLF7599281,SHLF7599271,0,6,
361,U1474,A,5,H,2,1.5,1.5,35.4,36.9,35.66,37.16,SECT7599291,SHLF7599311,SHLF7599301,0,6,
361,U1474,A,5,H,3,1.5,1.5,36.9,38.4,37.16,38.66,SECT7599321,SHLF7599341,SHLF7599331,0,2,
361,U1474,A,5,H,4,1.5,1.5,38.4,39.9,38.66,40.16,SECT7599351,SHLF7599371,SHLF7599361,0,1,
361,U1474,A,5,H,5,1.5,1.5,39.9,41.4,40.16,41.66,SECT7599381,SHLF7599401,SHLF7599391,0,7,
361,U1474,A,5,H,6,1.5,1.5,41.4,42.9,41.66,43.16,SECT7599411,SHLF7599431,SHLF7599421,1,4,
361,U1474,A,5,H,7,0.74,0.74,42.9,43.64,43.16,43.9,SECT7599441,SHLF7599461,SHLF7599451,1,7,
361,U1474,A,5,H,CC,0.25,0.25,43.64,43.89,43.9,44.15,SECT7599471,SHLF7599491,SHLF7599481,1,0,
361,U1474,A,6,H,1,1.5,1.5,43.4,44.9,45.783,47.283,SECT7599891,SHLF7599911,SHLF7599901,0,1,
361,U1474,A,6,H,2,1.5,1.5,44.9,46.4,47.283,48.783,SECT7599921,SHLF7599941,SHLF7599931,0,5,
361,U1474,A,6,H,3,1.5,1.5,46.4,47.9,48.783,50.283,SECT7599951,SHLF7599971,SHLF7599961,0,55,
361,U1474,A,6,H,4,1.5,1.5,47.9,49.4,50.283,51.783,SECT7599981,SHLF7600001,SHLF7599991,0,67,
361,U1474,A,6,H,5,1.5,1.5,49.4,50.9,51.783,53.283,SECT7600011,SHLF7600031,SHLF7600021,0,21,
361,U1474,A,6,H,6,1.5,1.5,50.9,52.4,53.283,54.783,SECT7600041,SHLF7600061,SHLF7600051,1,5,
361,U1474,A,6,H,7,0.66,0.66,52.4,53.06,54.783,55.443,SECT7600071,SHLF7600091,SHLF7600081,1,3,
361,U1474,A,6,H,CC,0.26,0.26,53.06,53.32,55.443,55.703,SECT7600101,SHLF7600121,SHLF7600111,1,0,
361,U1474,A,7,H,1,1.5,1.5,52.9,54.4,55.513,57.013,SECT7600431,SHLF7600451,SHLF7600441,0,0,
361,U1474,A,7,H,2,1.5,1.5,54.4,55.9,57.013,58.513,SECT7600461,SHLF7600481,SHLF7600471,0,5,
361,U1474,A,7,H,3,1.5,1.5,55.9,57.4,58.513,60.013,SECT7600491,SHLF7600511,SHLF7600501,0,4,
361,U1474,A,7,H,4,1.5,1.5,57.4,58.9,60.013,61.513,SECT7600521,SHLF7600541,SHLF7600531,0,3,
361,U1474,A,7,H,5,1.5,1.5,58.9,60.4,61.513,63.013,SECT7600551,SHLF7600571,SHLF7600561,0,9,
361,U1474,A,7,H,6,1.5,1.5,60.4,61.9,63.013,64.513,SECT7600581,SHLF7600601,SHLF7600591,1,4,
361,U1474,A,7,H,7,0.79,0.79,61.9,62.69,64.513,65.303,SECT7600611,SHLF7600631,SHLF7600621,1,4,
361,U1474,A,7,H,CC,0.32,0.32,62.69,63.01,65.303,65.623,SECT7600641,SHLF7600661,SHLF7600651,1,0,
361,U1474,A,8,H,1,1.5,1.5,62.4,63.9,66.017,67.517,SECT7600951,SHLF7600971,SHLF7600961,0,0,
361,U1474,A,8,H,2,1.5,1.5,63.9,65.4,67.517,69.017,SECT7600981,SHLF7601001,SHLF7600991,0,8,
361,U1474,A,8,H,3,1.5,1.5,65.4,66.9,69.017,70.517,SECT7601011,SHLF7601031,SHLF7601021,0,6,
361,U1474,A,8,H,4,1.5,1.5,66.9,68.4,70.517,72.017,SECT7601041,SHLF7601061,SHLF7601051,0,12,
361,U1474,A,8,H,5,1.5,1.5,68.4,69.9,72.017,73.517,SECT7601071,SHLF7601091,SHLF7601081,0,25,
361,U1474,A,8,H,6,1.5,1.5,69.9,71.4,73.517,75.017,SECT7601101,SHLF7601121,SHLF7601111,1,28,
361,U1474,A,8,H,7,0.74,0.74,71.4,72.14,75.017,75.757,SECT7601131,SHLF7601151,SHLF7601141,1,2,
361,U1474,A,8,H,CC,0.14,0.14,72.14,72.28,75.757,75.897,SECT7601161,SHLF7601181,SHLF7601171,1,0,
361,U1474,A,9,H,1,1.5,1.5,71.9,73.4,77.471,78.971,SECT7601591,SHLF7601611,SHLF7601601,0,3,
361,U1474,A,9,H,2,1.5,1.5,73.4,74.9,78.971,80.471,SECT7601621,SHLF7601641,SHLF7601631,0,4,
361,U1474,A,9,H,3,1.5,1.5,74.9,76.4,80.471,81.971,SECT7601651,SHLF7601671,SHLF7601661,0,9,
361,U1474,A,9,H,4,1.5,1.5,76.4,77.9,81.971,83.471,SECT7601681,SHLF7601701,SHLF7601691,0,4,
361,U1474,A,9,H,5,1.5,1.5,77.9,79.4,83.471,84.971,SECT7601711,SHLF7601731,SHLF7601721,0,7,
361,U1474,A,9,H,6,1.5,1.5,79.4,80.9,84.971,86.471,SECT7601741,SHLF7601761,SHLF7601751,1,4,
361,U1474,A,9,H,7,0.56,0.56,80.9,81.46,86.471,87.031,SECT7601771,SHLF7601791,SHLF7601781,1,1,
361,U1474,A,9,H,CC,0.25,0.25,81.46,81.71,87.031,87.281,SECT7601801,SHLF7601821,SHLF7601811,1,0,
361,U1474,A,10,H,1,1.5,1.5,81.4,82.9,87.41,88.91,SECT7602211,SHLF7602231,SHLF7602221,0,1,
361,U1474,A,10,H,2,1.5,1.5,82.9,84.4,88.91,90.41,SECT7602241,SHLF7602261,SHLF7602251,0,7,
361,U1474,A,10,H,3,1.5,1.5,84.4,85.9,90.41,91.91,SECT7602271,SHLF7602291,SHLF7602281,0,2,
361,U1474,A,10,H,4,1.5,1.5,85.9,87.4,91.91,93.41,SECT7602301,SHLF7602321,SHLF7602311,0,12,
361,U1474,A,10,H,5,1.5,1.5,87.4,88.9,93.41,94.91,SECT7602331,SHLF7602351,SHLF7602341,1,2,
361,U1474,A,10,H,6,1.29,1.29,88.9,90.19,94.91,96.2,SECT7602361,SHLF7602381,SHLF7602371,1,6,
361,U1474,A,10,H,CC,0.39,0.39,90.19,90.58,96.2,96.59,SECT7602391,SHLF7602411,SHLF7602401,1,0,
361,U1474,A,11,H,1,1.5,1.5,90.9,92.4,99.024,100.524,SECT7603431,SHLF7603451,SHLF7603441,0,3,
361,U1474,A,11,H,2,1.5,1.5,92.4,93.9,100.524,102.024,SECT7603461,SHLF7603481,SHLF7603471,0,3,
361,U1474,A,11,H,3,1.5,1.5,93.9,95.4,102.024,103.524,SECT7603491,SHLF7603511,SHLF7603501,0,3,
361,U1474,A,11,H,4,1.5,1.5,95.4,96.9,103.524,105.024,SECT7603521,SHLF7603541,SHLF7603531,0,12,
361,U1474,A,11,H,5,1.5,1.5,96.9,98.4,105.024,106.524,SECT7603551,SHLF7603571,SHLF7603561,0,11,
361,U1474,A,11,H,6,0.71,0.71,98.4,99.11,106.524,107.234,SECT7603581,SHLF7603601,SHLF7603591,1,5,
361,U1474,A,11,H,7,0.57,0.57,99.11,99.68,107.234,107.804,SECT7603611,SHLF7603631,SHLF7603621,1,1,
361,U1474,A,11,H,CC,0.15,0.15,99.68,99.83,107.804,107.954,SECT7603641,SHLF7603661,SHLF7603651,1,0,
361,U1474,A,12,H,1,1.51,1.51,100.4,101.91,108.606,110.116,SECT7604051,SHLF7604071,SHLF7604061,0,4,
361,U1474,A,12,H,2,1.51,1.51,101.91,103.42,110.116,111.626,SECT7604081,SHLF7604101,SHLF7604091,0,4,
361,U1474,A,12,H,3,1.51,1.51,103.42,104.93,111.626,113.136,SECT7604111,SHLF7604131,SHLF7604121,0,8,
361,U1474,A,12,H,4,1.51,1.51,104.93,106.44,113.136,114.646,SECT7604141,SHLF7604161,SHLF7604151,0,4,
361,U1474,A,12,H,5,1.52,1.52,106.44,107.96,114.646,116.166,SECT7604171,SHLF7604191,SHLF7604181,0,4,
361,U1474,A,12,H,6,1.51,1.51,107.96,109.47,116.166,117.676,SECT7604201,SHLF7604221,SHLF7604211,1,4,
361,U1474,A,12,H,7,0.55,0.55,109.47,110.02,117.676,118.226,SECT7604231,SHLF7604251,SHLF7604241,1,3,
361,U1474,A,12,H,CC,0.37,0.37,110.02,110.39,118.226,118.596,SECT7604261,SHLF7604281,SHLF7604271,1,0,Recurated - no PAL space left in CC end.
361,U1474,A,13,H,1,1.5,1.5,109.9,111.4,119.479,120.979,SECT7604521,SHLF7604541,SHLF7604531,0,1,
361,U1474,A,13,H,2,1.5,1.5,111.4,112.9,120.979,122.479,SECT7604551,SHLF7604571,SHLF7604561,0,4,
361,U1474,A,13,H,3,1.51,1.51,112.9,114.41,122.479,123.989,SECT7604581,SHLF7604601,SHLF7604591,0,3,
361,U1474,A,13,H,4,1.51,1.51,114.41,115.92,123.989,125.499,SECT7604611,SHLF7604631,SHLF7604621,0,8,
361,U1474,A,13,H,5,1.52,1.52,115.92,117.44,125.499,127.019,SECT7604641,SHLF7604661,SHLF7604651,0,4,
361,U1474,A,13,H,6,1.11,1.11,117.44,118.55,127.019,128.129,SECT7604671,SHLF7604691,SHLF7604681,1,7,
361,U1474,A,13,H,7,0.69,0.69,118.55,119.24,128.129,128.819,SECT7604701,SHLF7604721,SHLF7604711,1,1,
361,U1474,A,13,H,CC,0.35,0.35,119.24,119.59,128.819,129.169,SECT7604731,SHLF7604751,SHLF7604741,1,0,
361,U1474,A,14,H,1,1.51,1.51,119.4,120.91,129.714,131.224,SECT7605131,SHLF7605151,SHLF7605141,0,1,
361,U1474,A,14,H,2,1.49,1.49,120.91,122.4,131.224,132.714,SECT7605161,SHLF7605181,SHLF7605171,0,4,
361,U1474,A,14,H,3,1.5,1.5,122.4,123.9,132.714,134.214,SECT7605191,SHLF7605211,SHLF7605201,0,10,
361,U1474,A,14,H,4,1.5,1.5,123.9,125.4,134.214,135.714,SECT7605221,SHLF7605241,SHLF7605231,0,34,
361,U1474,A,14,H,5,1.51,1.51,125.4,126.91,135.714,137.224,SECT7605251,SHLF7605271,SHLF7605261,0,26,
361,U1474,A,14,H,6,1.5,1.5,126.91,128.41,137.224,138.724,SECT7605281,SHLF7605301,SHLF7605291,1,8,
361,U1474,A,14,H,7,0.66,0.66,128.41,129.07,138.724,139.384,SECT7605311,SHLF7605331,SHLF7605321,1,0,
361,U1474,A,14,H,CC,0.32,0.32,129.07,129.39,139.384,139.704,SECT7605341,SHLF7605361,SHLF7605351,1,1,
361,U1474,A,15,H,1,1.51,1.51,128.9,130.41,137.695,139.205,SECT7605741,SHLF7605761,SHLF7605751,0,3,
361,U1474,A,15,H,2,1.51,1.51,130.41,131.92,139.205,140.715,SECT7605771,SHLF7605791,SHLF7605781,0,3,
361,U1474,A,15,H,3,1.51,1.51,131.92,133.43,140.715,142.225,SECT7605801,SHLF7605821,SHLF7605811,0,3,
361,U1474,A,15,H,4,1.5,1.5,133.43,134.93,142.225,143.725,SECT7605831,SHLF7605851,SHLF7605841,0,5,
361,U1474,A,15,H,5,1.51,1.51,134.93,136.44,143.725,145.235,SECT7605861,SHLF7605881,SHLF7605871,0,7,
361,U1474,A,15,H,6,1.5,1.5,136.44,137.94,145.235,146.735,SECT7605891,SHLF7605911,SHLF7605901,1,21,
361,U1474,A,15,H,7,0.72,0.72,137.94,138.66,146.735,147.455,SECT7605921,SHLF7605941,SHLF7605931,1,0,
361,U1474,A,15,H,CC,0.32,0.32,138.66,138.98,147.455,147.775,SECT7605951,SHLF7605971,SHLF7605961,1,3,
361,U1474,A,16,H,1,1.5,1.5,138.4,139.9,147.972,149.472,SECT7606261,SHLF7606281,SHLF7606271,0,2,
361,U1474,A,16,H,2,1.5,1.5,139.9,141.4,149.472,150.972,SECT7606291,SHLF7606311,SHLF7606301,0,4,
361,U1474,A,16,H,3,1.5,1.5,141.4,142.9,150.972,152.472,SECT7606321,SHLF7606341,SHLF7606331,0,6,
361,U1474,A,16,H,4,1.5,1.5,142.9,144.4,152.472,153.972,SECT7606351,SHLF7606371,SHLF7606361,0,11,
361,U1474,A,16,H,5,1.5,1.5,144.4,145.9,153.972,155.472,SECT7606381,SHLF7606401,SHLF7606391,0,15,
361,U1474,A,16,H,6,1.12,1.12,145.9,147.02,155.472,156.592,SECT7606411,SHLF7606431,SHLF7606421,1,17,
361,U1474,A,16,H,7,0.76,0.76,147.02,147.78,156.592,157.352,SECT7606441,SHLF7606461,SHLF7606451,1,1,
361,U1474,A,16,H,CC,0.34,0.34,147.78,148.12,157.352,157.692,SECT7606471,SHLF7606491,SHLF7606481,1,0,
361,U1474,A,17,H,1,1.5,1.5,147.9,149.4,157.194,158.694,SECT7606881,SHLF7606901,SHLF7606891,0,2,
361,U1474,A,17,H,2,1.5,1.5,149.4,150.9,158.694,160.194,SECT7606911,SHLF7606931,SHLF7606921,0,3,
361,U1474,A,17,H,3,1.52,1.52,150.9,152.42,160.194,161.714,SECT7606941,SHLF7606961,SHLF7606951,0,3,
361,U1474,A,17,H,4,1.5,1.5,152.42,153.92,161.714,163.214,SECT7606971,SHLF7606991,SHLF7606981,0,4,
361,U1474,A,17,H,5,1.51,1.51,153.92,155.43,163.214,164.724,SECT7607001,SHLF7607021,SHLF7607011,0,3,
361,U1474,A,17,H,6,1.51,1.51,155.43,156.94,164.724,166.234,SECT7607031,SHLF7607051,SHLF7607041,1,8,
361,U1474,A,17,H,7,0.81,0.81,156.94,157.75,166.234,167.044,SECT7607061,SHLF7607081,SHLF7607071,1,2,
361,U1474,A,17,H,CC,0.25,0.25,157.75,158,167.044,167.294,SECT7607091,SHLF7607111,SHLF7607101,1,0,
361,U1474,A,18,H,1,1.5,1.5,157.4,158.9,168.753,170.253,SECT7607491,SHLF7607511,SHLF7607501,0,7,
361,U1474,A,18,H,2,1.5,1.5,158.9,160.4,170.253,171.753,SECT7607521,SHLF7607541,SHLF7607531,0,3,
361,U1474,A,18,H,3,1.5,1.5,160.4,161.9,171.753,173.253,SECT7607551,SHLF7607571,SHLF7607561,0,2,
361,U1474,A,18,H,4,1.5,1.5,161.9,163.4,173.253,174.753,SECT7607581,SHLF7607601,SHLF7607591,0,7,
361,U1474,A,18,H,5,1.5,1.5,163.4,164.9,174.753,176.253,SECT7607611,SHLF7607631,SHLF7607621,0,14,
361,U1474,A,18,H,6,1.51,1.51,164.9,166.41,176.253,177.763,SECT7607641,SHLF7607661,SHLF7607651,1,5,
361,U1474,A,18,H,7,0.75,0.75,166.41,167.16,177.763,178.513,SECT7607671,SHLF7607691,SHLF7607681,1,2,
361,U1474,A,18,H,CC,0.2,0.2,167.16,167.36,178.513,178.713,SECT7607701,SHLF7607721,SHLF7607711,1,0,
361,U1474,A,19,H,1,1.5,1.5,166.9,168.4,178.699,180.199,SECT7608111,SHLF7608131,SHLF7608121,0,2,
361,U1474,A,19,H,2,1.51,1.51,168.4,169.91,180.199,181.709,SECT7608141,SHLF7608161,SHLF7608151,0,3,
361,U1474,A,19,H,3,1.51,1.51,169.91,171.42,181.709,183.219,SECT7608171,SHLF7608191,SHLF7608181,0,6,
361,U1474,A,19,H,4,1.51,1.51,171.42,172.93,183.219,184.729,SECT7608201,SHLF7608221,SHLF7608211,0,5,
361,U1474,A,19,H,5,1.51,1.51,172.93,174.44,184.729,186.239,SECT7608231,SHLF7608251,SHLF7608241,0,3,
361,U1474,A,19,H,6,1.5,1.5,174.44,175.94,186.239,187.739,SECT7608261,SHLF7608281,SHLF7608271,1,3,
361,U1474,A,19,H,7,0.66,0.66,175.94,176.6,187.739,188.399,SECT7608291,SHLF7608311,SHLF7608301,1,1,
361,U1474,A,19,H,CC,0.22,0.22,176.6,176.82,188.399,188.619,SECT7608321,SHLF7608341,SHLF7608331,1,0,
361,U1474,A,20,H,1,1.5,1.5,176.4,177.9,190.555,192.055,SECT7608791,SHLF7608811,SHLF7608801,0,12,
361,U1474,A,20,H,2,1.5,1.5,177.9,179.4,192.055,193.555,SECT7608821,SHLF7608841,SHLF7608831,0,23,
361,U1474,A,20,H,3,1.5,1.5,179.4,180.9,193.555,195.055,SECT7608851,SHLF7608871,SHLF7608861,0,25,
361,U1474,A,20,H,4,1.49,1.49,180.9,182.39,195.055,196.545,SECT7608881,SHLF7608901,SHLF7608891,0,23,
361,U1474,A,20,H,5,1.5,1.5,182.39,183.89,196.545,198.045,SECT7608911,SHLF7608931,SHLF7608921,0,27,
361,U1474,A,20,H,6,1.5,1.5,183.89,185.39,198.045,199.545,SECT7608941,SHLF7608961,SHLF7608951,1,22,
361,U1474,A,20,H,7,0.73,0.73,185.39,186.12,199.545,200.275,SECT7608971,SHLF7608991,SHLF7608981,1,5,
361,U1474,A,20,H,CC,0.39,0.39,186.12,186.51,200.275,200.665,SECT7609001,SHLF7609021,SHLF7609011,1,0,
361,U1474,A,21,H,1,1.5,1.5,185.9,187.4,203.397,204.897,SECT7609481,SHLF7609501,SHLF7609491,0,14,
361,U1474,A,21,H,2,1.49,1.49,187.4,188.89,204.897,206.387,SECT7609511,SHLF7609531,SHLF7609521,0,23,
361,U1474,A,21,H,3,1.5,1.5,188.89,190.39,206.387,207.887,SECT7609541,SHLF7609561,SHLF7609551,0,28,
361,U1474,A,21,H,4,1.49,1.49,190.39,191.88,207.887,209.377,SECT7609571,SHLF7609591,SHLF7609581,0,12,
361,U1474,A,21,H,5,1.5,1.5,191.88,193.38,209.377,210.877,SECT7609601,SHLF7609621,SHLF7609611,0,8,
361,U1474,A,21,H,6,1.48,1.48,193.38,194.86,210.877,212.357,SECT7609631,SHLF7609651,SHLF7609641,1,11,
361,U1474,A,21,H,7,0.79,0.79,194.86,195.65,212.357,213.147,SECT7609661,SHLF7609681,SHLF7609671,1,5,
361,U1474,A,21,H,CC,0.27,0.27,195.65,195.92,213.147,213.417,SECT7609691,SHLF7609711,SHLF7609701,1,0,
361,U1474,A,22,H,1,1.5,1.5,195.4,196.9,214.395,215.895,SECT7610171,SHLF7610191,SHLF7610181,0,3,
361,U1474,A,22,H,2,1.51,1.51,196.9,198.41,215.895,217.405,SECT7610201,SHLF7610221,SHLF7610211,0,20,
361,U1474,A,22,H,3,1.51,1.51,198.41,199.92,217.405,218.915,SECT7610231,SHLF7610251,SHLF7610241,0,5,
361,U1474,A,22,H,4,1.51,1.51,199.92,201.43,218.915,220.425,SECT7610261,SHLF7610281,SHLF7610271,0,5,
361,U1474,A,22,H,5,1.51,1.51,201.43,202.94,220.425,221.935,SECT7610291,SHLF7610311,SHLF7610301,0,2,
361,U1474,A,22,H,6,1.5,1.5,202.94,204.44,221.935,223.435,SECT7610321,SHLF7610341,SHLF7610331,1,2,
361,U1474,A,22,H,7,0.59,0.59,204.44,205.03,223.435,224.025,SECT7610351,SHLF7610371,SHLF7610361,1,1,
361,U1474,A,22,H,CC,0.33,0.33,205.03,205.36,224.025,224.355,SECT7610381,SHLF7610401,SHLF7610391,1,0,
361,U1474,A,23,H,1,1.5,1.5,204.9,206.4,221.865,223.365,SECT7610751,SHLF7610771,SHLF7610761,0,3,
361,U1474,A,23,H,2,1.5,1.5,206.4,207.9,223.365,224.865,SECT7610781,SHLF7610801,SHLF7610791,0,4,
361,U1474,A,23,H,3,1.5,1.5,207.9,209.4,224.865,226.365,SECT7610811,SHLF7610831,SHLF7610821,0,2,
361,U1474,A,23,H,4,1.49,1.49,209.4,210.89,226.365,227.855,SECT7610841,SHLF7610861,SHLF7610851,0,5,
361,U1474,A,23,H,5,1.5,1.5,210.89,212.39,227.855,229.355,SECT7610871,SHLF7610891,SHLF7610881,0,4,
361,U1474,A,23,H,6,1.5,1.5,212.39,213.89,229.355,230.855,SECT7610901,SHLF7610921,SHLF7610911,0,2,
361,U1474,A,23,H,7,0.67,0.67,213.89,214.56,230.855,231.525,SECT7610931,SHLF7610951,SHLF7610941,1,0,
361,U1474,A,23,H,CC,0.36,0.36,214.56,214.92,231.525,231.885,SECT7610961,SHLF7610981,SHLF7610971,1,0,
361,U1474,A,24,H,1,1.5,1.5,214.4,215.9,233.585,235.085,SECT7611231,SHLF7611251,SHLF7611241,0,3,
361,U1474,A,24,H,2,1.49,1.49,215.9,217.39,235.085,236.575,SECT7611261,SHLF7611281,SHLF7611271,0,4,
361,U1474,A,24,H,3,1.48,1.48,217.39,218.87,236.575,238.055,SECT7611291,SHLF7611311,SHLF7611301,0,3,
361,U1474,A,24,H,4,1.49,1.49,218.87,220.36,238.055,239.545,SECT7611321,SHLF7611341,SHLF7611331,0,4,
361,U1474,A,24,H,5,1.22,1.22,220.36,221.58,239.545,240.765,SECT7611351,SHLF7611371,SHLF7611361,1,1,
361,U1474,A,24,H,CC,0.43,0.43,221.58,222.01,240.765,241.195,SECT7611381,SHLF7611401,SHLF7611391,1,0,
361,U1474,A,25,H,1,1.49,1.49,222,223.49,241.538,243.028,SECT7611781,SHLF7611801,SHLF7611791,0,2,
361,U1474,A,25,H,2,1.51,1.51,223.49,225,243.028,244.538,SECT7611811,SHLF7611831,SHLF7611821,0,14,
361,U1474,A,25,H,3,1.5,1.5,225,226.5,244.538,246.038,SECT7611841,SHLF7611861,SHLF7611851,0,20,
361,U1474,A,25,H,4,1.5,1.5,226.5,228,246.038,247.538,SECT7611871,SHLF7611891,SHLF7611881,0,11,
361,U1474,A,25,H,5,1.51,1.51,228,229.51,247.538,249.048,SECT7611901,SHLF7611921,SHLF7611911,0,2,
361,U1474,A,25,H,6,1.11,1.11,229.51,230.62,249.048,250.158,SECT7611931,SHLF7611951,SHLF7611941,1,2,
361,U1474,A,25,H,7,0.5,0.5,230.62,231.12,250.158,250.658,SECT7611961,SHLF7611981,SHLF7611971,1,0,
361,U1474,A,25,H,CC,0.32,0.32,231.12,231.44,250.658,250.978,SECT7611991,SHLF7612011,SHLF7612001,1,0,
361,U1474,A,26,H,1,1.5,1.5,231.4,232.9,250.926,252.426,SECT7612291,SHLF7612311,SHLF7612301,0,2,
361,U1474,A,26,H,2,1.49,1.49,232.9,234.39,252.426,253.916,SECT7612321,SHLF7612341,SHLF7612331,0,4,
361,U1474,A,26,H,3,1.5,1.5,234.39,235.89,253.916,255.416,SECT7612361,SHLF7612381,SHLF7612371,0,5,
361,U1474,A,26,H,4,1.49,1.49,235.89,237.38,255.416,256.906,SECT7612391,SHLF7612411,SHLF7612401,0,6,
361,U1474,A,26,H,5,1.5,1.5,237.38,238.88,256.906,258.406,SECT7612421,SHLF7612441,SHLF7612431,0,1,
361,U1474,A,26,H,6,0.56,0.56,238.88,239.44,258.406,258.966,SECT7612461,SHLF7612481,SHLF7612471,1,1,
361,U1474,A,26,H,CC,0.46,0.46,239.44,239.9,258.966,259.426,SECT7612491,SHLF7612511,SHLF7612501,1,0,
361,U1474,A,27,H,1,1.5,1.5,239.9,241.4,260.705,262.205,SECT7612751,SHLF7612771,SHLF7612761,0,3,
361,U1474,A,27,H,2,1.26,1.26,241.4,242.66,262.205,263.465,SECT7612781,SHLF7612801,SHLF7612791,0,3,
361,U1474,A,27,H,3,1.5,1.5,242.66,244.16,263.465,264.965,SECT7612811,SHLF7612831,SHLF7612821,0,3,
361,U1474,A,27,H,4,1.5,1.5,244.16,245.66,264.965,266.465,SECT7612841,SHLF7612861,SHLF7612851,0,2,
361,U1474,A,27,H,5,1.5,1.5,245.66,247.16,266.465,267.965,SECT7612871,SHLF7612891,SHLF7612881,0,2,
361,U1474,A,27,H,6,0.87,0.87,247.16,248.03,267.965,268.835,SECT7612901,SHLF7612921,SHLF7612911,0,1,
361,U1474,A,27,H,7,0.57,0.57,248.03,248.6,268.835,269.405,SECT7612931,SHLF7612951,SHLF7612941,1,0,
361,U1474,A,27,H,CC,0.27,0.27,248.6,248.87,269.405,269.675,SECT7612961,SHLF7612981,SHLF7612971,1,0,
361,U1474,A,28,F,1,0.42,0.42,244.9,245.32,267.928,268.348,SECT7613251,SHLF7613271,SHLF7613261,0,0,
361,U1474,A,28,F,2,1.5,1.5,245.32,246.82,268.348,269.848,SECT7613281,SHLF7613301,SHLF7613291,0,8,
361,U1474,A,28,F,3,1.51,1.51,246.82,248.33,269.848,271.358,SECT7613311,SHLF7613331,SHLF7613321,0,4,
361,U1474,A,28,F,4,0.72,0.72,248.33,249.05,271.358,272.078,SECT7613341,SHLF7613361,SHLF7613351,1,1,
361,U1474,A,28,F,CC,0.1,0.1,249.05,249.15,272.078,272.178,SECT7613371,SHLF7613391,SHLF7613381,1,0,ALL TO PAL
361,U1474,A,29,F,1,1.51,1.51,249.6,251.11,273.568,275.078,SECT7613711,SHLF7613731,SHLF7613721,0,3,
361,U1474,A,29,F,2,1.5,1.5,251.11,252.61,275.078,276.578,SECT7613741,SHLF7613761,SHLF7613751,0,6,
361,U1474,A,29,F,3,0.96,0.96,252.61,253.57,276.578,277.538,SECT7613771,SHLF7613791,SHLF7613781,1,1,
361,U1474,A,29,F,CC,0.5,0.5,253.57,254.07,277.538,278.038,SECT7613801,SHLF7613821,SHLF7613811,1,0,
361,U1474,B,1,H,1,1.5,1.5,0,1.5,0,1.5,SECT7614831,SHLF7614851,SHLF7614841,1,2,
361,U1474,B,1,H,2,1.5,1.5,1.5,3,1.5,3,SECT7614861,SHLF7614881,SHLF7614871,2,1,
361,U1474,B,1,H,3,1.01,1.01,3,4.01,3,4.01,SECT7614891,SHLF7614911,SHLF7614901,1,0,
361,U1474,B,1,H,4,0.6,0.6,4.01,4.61,4.01,4.61,SECT7614921,SHLF7614941,SHLF7614931,0,0,
361,U1474,B,1,H,CC,0.17,0.17,4.61,4.78,4.61,4.78,SECT7614951,SHLF7614971,SHLF7614961,0,0,
361,U1474,B,2,H,1,1.5,1.5,4.8,6.3,5.394,6.894,SECT7615391,SHLF7615411,SHLF7615401,1,0,
361,U1474,B,2,H,2,1.5,1.5,6.3,7.8,6.894,8.394,SECT7615421,SHLF7615441,SHLF7615431,2,0,
361,U1474,B,2,H,3,1.5,1.5,7.8,9.3,8.394,9.894,SECT7615451,SHLF7615471,SHLF7615461,1,0,
361,U1474,B,2,H,4,1.5,1.5,9.3,10.8,9.894,11.394,SECT7615481,SHLF7615501,SHLF7615491,2,1,
361,U1474,B,2,H,5,1.5,1.5,10.8,12.3,11.394,12.894,SECT7615511,SHLF7615531,SHLF7615521,1,0,
361,U1474,B,2,H,6,0.81,0.81,12.3,13.11,12.894,13.704,SECT7615541,SHLF7615561,SHLF7615551,1,0,
361,U1474,B,2,H,7,0.71,0.71,13.11,13.82,13.704,14.414,SECT7615571,SHLF7615591,SHLF7615581,0,0,
361,U1474,B,2,H,CC,0.21,0.21,13.82,14.03,14.414,14.624,SECT7615601,SHLF7615621,SHLF7615611,0,0,
361,U1474,B,3,H,1,1.5,1.5,14.3,15.8,13.022,14.522,SECT7616071,SHLF7616091,SHLF7616081,1,0,
361,U1474,B,3,H,2,1.5,1.5,15.8,17.3,14.522,16.022,SECT7616101,SHLF7616121,SHLF7616111,2,0,
361,U1474,B,3,H,3,1.5,1.5,17.3,18.8,16.022,17.522,SECT7616131,SHLF7616151,SHLF7616141,1,0,
361,U1474,B,3,H,4,1.5,1.5,18.8,20.3,17.522,19.022,SECT7616161,SHLF7616181,SHLF7616171,2,0,
361,U1474,B,3,H,5,1.5,1.5,20.3,21.8,19.022,20.522,SECT7616191,SHLF7616211,SHLF7616201,1,0,
361,U1474,B,3,H,6,1.5,1.5,21.8,23.3,20.522,22.022,SECT7616221,SHLF7616241,SHLF7616231,1,0,
361,U1474,B,3,H,7,0.69,0.69,23.3,23.99,22.022,22.712,SECT7616251,SHLF7616271,SHLF7616261,0,0,
361,U1474,B,3,H,CC,0.19,0.19,23.99,24.18,22.712,22.902,SECT7616281,SHLF7616301,SHLF7616291,0,0,
361,U1474,B,4,H,1,0.96,0.96,23.8,24.76,24.485,25.445,SECT7616611,SHLF7616631,SHLF7616621,1,0,
361,U1474,B,4,H,2,1.03,1.03,24.76,25.79,25.445,26.475,SECT7616641,SHLF7616661,SHLF7616651,1,0,
361,U1474,B,4,H,3,0.49,0.49,25.79,26.28,26.475,26.965,SECT7616671,SHLF7616691,SHLF7616681,0,0,
361,U1474,B,4,H,CC,0.15,0.15,26.28,26.43,26.965,27.115,SECT7616701,SHLF7616721,SHLF7616711,0,0,
361,U1474,B,5,H,1,1.5,1.5,33.3,34.8,30.446,31.946,SECT7617101,SHLF7617121,SHLF7617111,1,6,
361,U1474,B,5,H,2,1.5,1.5,34.8,36.3,31.946,33.446,SECT7617131,SHLF7617151,SHLF7617141,1,4,
361,U1474,B,5,H,3,1.5,1.5,36.3,37.8,33.446,34.946,SECT7617161,SHLF7617181,SHLF7617171,1,1,
361,U1474,B,5,H,4,1.5,1.5,37.8,39.3,34.946,36.446,SECT7617191,SHLF7617211,SHLF7617201,1,2,
361,U1474,B,5,H,5,1.5,1.5,39.3,40.8,36.446,37.946,SECT7617221,SHLF7617241,SHLF7617231,1,1,
361,U1474,B,5,H,6,0.7,0.7,40.8,41.5,37.946,38.646,SECT7617251,SHLF7617271,SHLF7617261,1,0,
361,U1474,B,5,H,7,0.59,0.59,41.5,42.09,38.646,39.236,SECT7617281,SHLF7617301,SHLF7617291,0,0,
361,U1474,B,5,H,CC,0.31,0.31,42.09,42.4,39.236,39.546,SECT7617311,SHLF7617331,SHLF7617321,0,1,
361,U1474,B,6,H,1,1.5,1.5,42.8,44.3,44.353,45.853,SECT7617831,SHLF7617851,SHLF7617841,1,0,
361,U1474,B,6,H,2,1.5,1.5,44.3,45.8,45.853,47.353,SECT7617861,SHLF7617881,SHLF7617871,1,0,
361,U1474,B,6,H,3,1.5,1.5,45.8,47.3,47.353,48.853,SECT7617891,SHLF7617911,SHLF7617901,1,0,
361,U1474,B,6,H,4,1.5,1.5,47.3,48.8,48.853,50.353,SECT7617921,SHLF7617941,SHLF7617931,1,0,
361,U1474,B,6,H,5,1.5,1.5,48.8,50.3,50.353,51.853,SECT7617951,SHLF7617971,SHLF7617961,1,0,
361,U1474,B,6,H,6,1,1,50.3,51.3,51.853,52.853,SECT7617981,SHLF7618001,SHLF7617991,1,0,
361,U1474,B,6,H,7,0.73,0.73,51.3,52.03,52.853,53.583,SECT7618011,SHLF7618031,SHLF7618021,0,0,
361,U1474,B,6,H,CC,0.23,0.23,52.03,52.26,53.583,53.813,SECT7618041,SHLF7618061,SHLF7618051,0,0,
361,U1474,B,7,H,1,1.5,1.5,52.3,53.8,53.853,55.353,SECT7618921,SHLF7618941,SHLF7618931,1,0,
361,U1474,B,7,H,2,1.5,1.5,53.8,55.3,55.353,56.853,SECT7618951,SHLF7618971,SHLF7618961,1,0,
361,U1474,B,7,H,3,1.5,1.5,55.3,56.8,56.853,58.353,SECT7618981,SHLF7619001,SHLF7618991,1,0,
361,U1474,B,7,H,4,1.5,1.5,56.8,58.3,58.353,59.853,SECT7619011,SHLF7619031,SHLF7619021,1,0,
361,U1474,B,7,H,5,1.5,1.5,58.3,59.8,59.853,61.353,SECT7619041,SHLF7619061,SHLF7619051,1,0,
361,U1474,B,7,H,6,1,1,59.8,60.8,61.353,62.353,SECT7619071,SHLF7619091,SHLF7619081,1,0,
361,U1474,B,7,H,7,0.75,0.75,60.8,61.55,62.353,63.103,SECT7619101,SHLF7619121,SHLF7619111,0,0,
361,U1474,B,7,H,CC,0.26,0.26,61.55,61.81,63.103,63.363,SECT7619131,SHLF7619151,SHLF7619141,0,0,
361,U1474,B,8,H,1,1.5,1.5,61.8,63.3,65.065,66.565,SECT7620001,SHLF7620021,SHLF7620011,1,0,
361,U1474,B,8,H,2,1.5,1.5,63.3,64.8,66.565,68.065,SECT7620031,SHLF7620051,SHLF7620041,1,0,
361,U1474,B,8,H,3,1.5,1.5,64.8,66.3,68.065,69.565,SECT7620061,SHLF7620081,SHLF7620071,1,0,
361,U1474,B,8,H,4,1.5,1.5,66.3,67.8,69.565,71.065,SECT7620091,SHLF7620111,SHLF7620101,1,0,
361,U1474,B,8,H,5,1.5,1.5,67.8,69.3,71.065,72.565,SECT7620121,SHLF7620141,SHLF7620131,1,0,
361,U1474,B,8,H,6,1.5,1.5,69.3,70.8,72.565,74.065,SECT7620151,SHLF7620171,SHLF7620161,1,1,
361,U1474,B,8,H,7,0.53,0.53,70.8,71.33,74.065,74.595,SECT7620181,SHLF7620201,SHLF7620191,0,0,
361,U1474,B,8,H,CC,0.25,0.25,71.33,71.58,74.595,74.845,SECT7620211,SHLF7620231,SHLF7620221,0,0,
361,U1474,B,9,H,1,1.5,1.5,71.3,72.8,76.026,77.526,SECT7620741,SHLF7620761,SHLF7620751,1,2,
361,U1474,B,9,H,2,1.5,1.5,72.8,74.3,77.526,79.026,SECT7620771,SHLF7620791,SHLF7620781,1,0,
361,U1474,B,9,H,3,1.5,1.5,74.3,75.8,79.026,80.526,SECT7620801,SHLF7620821,SHLF7620811,1,0,
361,U1474,B,9,H,4,1.5,1.5,75.8,77.3,80.526,82.026,SECT7620831,SHLF7620851,SHLF7620841,1,1,
361,U1474,B,9,H,5,1.5,1.5,77.3,78.8,82.026,83.526,SECT7620861,SHLF7620881,SHLF7620871,1,0,
361,U1474,B,9,H,6,1,1,78.8,79.8,83.526,84.526,SECT7620891,SHLF7620911,SHLF7620901,1,0,
361,U1474,B,9,H,7,0.73,0.73,79.8,80.53,84.526,85.256,SECT7620921,SHLF7620941,SHLF7620931,0,0,
361,U1474,B,9,H,CC,0.22,0.22,80.53,80.75,85.256,85.476,SECT7620951,SHLF7620971,SHLF7620961,0,0,
361,U1474,B,10,H,1,1.5,1.5,80.8,82.3,86.85,88.35,SECT7621471,SHLF7621491,SHLF7621481,1,0,
361,U1474,B,10,H,2,1.5,1.5,82.3,83.8,88.35,89.85,SECT7621501,SHLF7621521,SHLF7621511,1,0,
361,U1474,B,10,H,3,1.5,1.5,83.8,85.3,89.85,91.35,SECT7621531,SHLF7621551,SHLF7621541,1,1,
361,U1474,B,10,H,4,1.5,1.5,85.3,86.8,91.35,92.85,SECT7621561,SHLF7621581,SHLF7621571,1,0,
361,U1474,B,10,H,5,1.5,1.5,86.8,88.3,92.85,94.35,SECT7621591,SHLF7621611,SHLF7621601,1,0,
361,U1474,B,10,H,6,1,1,88.3,89.3,94.35,95.35,SECT7621621,SHLF7621641,SHLF7621631,1,0,
361,U1474,B,10,H,7,0.84,0.84,89.3,90.14,95.35,96.19,SECT7621651,SHLF7621671,SHLF7621661,0,0,
361,U1474,B,10,H,CC,0.27,0.27,90.14,90.41,96.19,96.46,SECT7621681,SHLF7621701,SHLF7621691,0,0,
361,U1474,B,11,H,1,1.5,1.5,90.3,91.8,98.108,99.608,SECT7621781,SHLF7621801,SHLF7621791,1,0,
361,U1474,B,11,H,2,1.5,1.5,91.8,93.3,99.608,101.108,SECT7621811,SHLF7621831,SHLF7621821,1,0,
361,U1474,B,11,H,3,1.5,1.5,93.3,94.8,101.108,102.608,SECT7621841,SHLF7621861,SHLF7621851,1,0,
361,U1474,B,11,H,4,1.5,1.5,94.8,96.3,102.608,104.108,SECT7621871,SHLF7621891,SHLF7621881,1,0,
361,U1474,B,11,H,5,1.5,1.5,96.3,97.8,104.108,105.608,SECT7621901,SHLF7621921,SHLF7621911,1,1,
361,U1474,B,11,H,6,1.2,1.2,97.8,99,105.608,106.808,SECT7621931,SHLF7621951,SHLF7621941,1,0,
361,U1474,B,11,H,7,0.67,0.67,99,99.67,106.808,107.478,SECT7621961,SHLF7621981,SHLF7621971,0,0,
361,U1474,B,11,H,CC,0.29,0.29,99.67,99.96,107.478,107.768,SECT7621991,SHLF7622011,SHLF7622001,0,0,
361,U1474,B,12,H,1,1.5,1.5,99.8,101.3,108.225,109.725,SECT7622941,SHLF7622961,SHLF7622951,1,0,
361,U1474,B,12,H,2,1.5,1.5,101.3,102.8,109.725,111.225,SECT7622971,SHLF7622991,SHLF7622981,1,0,
361,U1474,B,12,H,3,1.5,1.5,102.8,104.3,111.225,112.725,SECT7623001,SHLF7623021,SHLF7623011,1,0,
361,U1474,B,12,H,4,1.5,1.5,104.3,105.8,112.725,114.225,SECT7623031,SHLF7623051,SHLF7623041,1,1,
361,U1474,B,12,H,5,1.5,1.5,105.8,107.3,114.225,115.725,SECT7623061,SHLF7623081,SHLF7623071,1,0,
361,U1474,B,12,H,6,1.5,1.5,107.3,108.8,115.725,117.225,SECT7623091,SHLF7623111,SHLF7623101,1,0,
361,U1474,B,12,H,7,0.67,0.67,108.8,109.47,117.225,117.895,SECT7623121,SHLF7623141,SHLF7623131,0,0,
361,U1474,B,12,H,CC,0.4,0.4,109.47,109.87,117.895,118.295,SECT7623151,SHLF7623171,SHLF7623161,0,0,
361,U1474,B,13,H,1,1.5,1.5,109.3,110.8,117.976,119.476,SECT7623671,SHLF7623691,SHLF7623681,1,0,
361,U1474,B,13,H,2,1.5,1.5,110.8,112.3,119.476,120.976,SECT7623701,SHLF7623721,SHLF7623711,1,0,
361,U1474,B,13,H,3,1.5,1.5,112.3,113.8,120.976,122.476,SECT7623731,SHLF7623751,SHLF7623741,1,0,
361,U1474,B,13,H,4,1.5,1.5,113.8,115.3,122.476,123.976,SECT7623761,SHLF7623781,SHLF7623771,1,0,
361,U1474,B,13,H,5,1.5,1.5,115.3,116.8,123.976,125.476,SECT7623791,SHLF7623811,SHLF7623801,1,0,
361,U1474,B,13,H,6,1.2,1.2,116.8,118,125.476,126.676,SECT7623821,SHLF7623841,SHLF7623831,1,0,
361,U1474,B,13,H,7,0.61,0.61,118,118.61,126.676,127.286,SECT7623851,SHLF7623871,SHLF7623861,0,0,
361,U1474,B,13,H,CC,0.27,0.27,118.61,118.88,127.286,127.556,SECT7623881,SHLF7623901,SHLF7623891,0,0,
361,U1474,B,14,H,1,1.5,1.5,118.8,120.3,128.298,129.798,SECT7624401,SHLF7624421,SHLF7624411,1,0,
361,U1474,B,14,H,2,1.5,1.5,120.3,121.8,129.798,131.298,SECT7624431,SHLF7624451,SHLF7624441,1,0,
361,U1474,B,14,H,3,1.5,1.5,121.8,123.3,131.298,132.798,SECT7624461,SHLF7624481,SHLF7624471,1,0,
361,U1474,B,14,H,4,1.5,1.5,123.3,124.8,132.798,134.298,SECT7624491,SHLF7624511,SHLF7624501,1,0,
361,U1474,B,14,H,5,1.5,1.5,124.8,126.3,134.298,135.798,SECT7624521,SHLF7624541,SHLF7624531,1,0,
361,U1474,B,14,H,6,1.5,1.5,126.3,127.8,135.798,137.298,SECT7624551,SHLF7624571,SHLF7624561,1,3,
361,U1474,B,14,H,7,0.59,0.59,127.8,128.39,137.298,137.888,SECT7624581,SHLF7624601,SHLF7624591,0,0,
361,U1474,B,14,H,CC,0.42,0.42,128.39,128.81,137.888,138.308,SECT7624611,SHLF7624631,SHLF7624621,0,0,
361,U1474,B,15,H,1,1.5,1.5,128.3,129.8,138.209,139.709,SECT7625131,SHLF7625151,SHLF7625141,1,0,
361,U1474,B,15,H,2,1.5,1.5,129.8,131.3,139.709,141.209,SECT7625161,SHLF7625181,SHLF7625171,1,0,
361,U1474,B,15,H,3,1.5,1.5,131.3,132.8,141.209,142.709,SECT7625191,SHLF7625211,SHLF7625201,1,0,
361,U1474,B,15,H,4,1.5,1.5,132.8,134.3,142.709,144.209,SECT7625221,SHLF7625241,SHLF7625231,1,0,
361,U1474,B,15,H,5,1.5,1.5,134.3,135.8,144.209,145.709,SECT7625251,SHLF7625271,SHLF7625261,1,0,
361,U1474,B,15,H,6,1.5,1.5,135.8,137.3,145.709,147.209,SECT7625281,SHLF7625301,SHLF7625291,1,0,
361,U1474,B,15,H,7,0.57,0.57,137.3,137.87,147.209,147.779,SECT7625311,SHLF7625331,SHLF7625321,0,0,
361,U1474,B,15,H,CC,0.24,0.24,137.87,138.11,147.779,148.019,SECT7625341,SHLF7625361,SHLF7625351,0,0,
361,U1474,B,16,H,1,1.5,1.5,137.8,139.3,146.704,148.204,SECT7625871,SHLF7625891,SHLF7625881,1,0,
361,U1474,B,16,H,2,1.5,1.5,139.3,140.8,148.204,149.704,SECT7625901,SHLF7625921,SHLF7625911,1,0,
361,U1474,B,16,H,3,1.5,1.5,140.8,142.3,149.704,151.204,SECT7625931,SHLF7625951,SHLF7625941,1,0,
361,U1474,B,16,H,4,1.04,1.04,142.3,143.34,151.204,152.244,SECT7625961,SHLF7625981,SHLF7625971,1,0,
361,U1474,B,16,H,5,1.5,1.5,143.34,144.84,152.244,153.744,SECT7625991,SHLF7626011,SHLF7626001,1,0,
361,U1474,B,16,H,6,1.5,1.5,144.84,146.34,153.744,155.244,SECT7626021,SHLF7626041,SHLF7626031,1,0,
361,U1474,B,16,H,7,0.59,0.59,146.34,146.93,155.244,155.834,SECT7626051,SHLF7626071,SHLF7626061,0,0,
361,U1474,B,16,H,CC,0.4,0.4,146.93,147.33,155.834,156.234,SECT7626081,SHLF7626101,SHLF7626091,0,0,
361,U1474,C,1,H,1,1.5,1.5,0,1.5,,,SECT7626221,SHLF7626241,SHLF7626231,1,4,
361,U1474,C,1,H,2,1.23,1.23,1.5,2.73,,,SECT7626251,SHLF7626271,SHLF7626261,0,1,
361,U1474,C,1,H,CC,0.34,0.34,2.73,3.07,,,SECT7626281,SHLF7626301,SHLF7626291,0,0,
361,U1474,D,1,H,1,1.5,1.5,0,1.5,0.152,1.652,SECT7626331,SHLF7626351,SHLF7626341,0,2,
361,U1474,D,1,H,2,1.5,1.5,1.5,3,1.652,3.152,SECT7626361,SHLF7626381,SHLF7626371,0,30,
361,U1474,D,1,H,3,1.5,1.5,3,4.5,3.152,4.652,SECT7626391,SHLF7626411,SHLF7626401,0,83,
361,U1474,D,1,H,4,1.5,1.5,4.5,6,4.652,6.152,SECT7626421,SHLF7626441,SHLF7626431,0,44,
361,U1474,D,1,H,5,1.01,1.01,6,7.01,6.152,7.162,SECT7626451,SHLF7626471,SHLF7626461,0,0,
361,U1474,D,1,H,6,0.72,0.72,7.01,7.73,7.162,7.882,SECT7626481,SHLF7626501,SHLF7626491,0,0,
361,U1474,D,1,H,CC,0.16,0.16,7.73,7.89,7.882,8.042,SECT7626511,SHLF7626531,SHLF7626521,0,0,
361,U1474,D,2,H,1,1.5,1.5,7.9,9.4,7.93,9.43,SECT7626571,SHLF7626591,SHLF7626581,0,0,
361,U1474,D,2,H,2,1.21,1.21,9.4,10.61,9.43,10.64,SECT7626601,SHLF7626621,SHLF7626611,0,0,
361,U1474,D,2,H,3,0.74,0.74,10.61,11.35,10.64,11.38,SECT7626631,SHLF7626651,SHLF7626641,0,0,
361,U1474,D,2,H,CC,0.18,0.18,11.35,11.53,11.38,11.56,SECT7626661,SHLF7626681,SHLF7626671,0,0,
361,U1474,D,3,H,1,1.5,1.5,11.5,13,10.556,12.056,SECT7627121,SHLF7627141,SHLF7627131,0,16,
361,U1474,D,3,H,2,1.5,1.5,13,14.5,12.056,13.556,SECT7627151,SHLF7627171,SHLF7627161,0,40,
361,U1474,D,3,H,3,1.5,1.5,14.5,16,13.556,15.056,SECT7627181,SHLF7627201,SHLF7627191,0,38,
361,U1474,D,3,H,4,1.5,1.5,16,17.5,15.056,16.556,SECT7627211,SHLF7627231,SHLF7627221,0,40,
361,U1474,D,3,H,5,1.5,1.5,17.5,19,16.556,18.056,SECT7627241,SHLF7627261,SHLF7627251,0,21,
361,U1474,D,3,H,6,1.19,1.19,19,20.19,18.056,19.246,SECT7627271,SHLF7627291,SHLF7627281,0,0,
361,U1474,D,3,H,CC,0.17,0.17,20.19,20.36,19.246,19.416,SECT7627301,SHLF7627321,SHLF7627311,0,0,
361,U1474,D,4,H,1,1.5,1.5,20,21.5,20.548,22.048,SECT7627341,SHLF7627361,SHLF7627351,0,23,
361,U1474,D,4,H,2,1.5,1.5,21.5,23,22.048,23.548,SECT7627371,SHLF7627391,SHLF7627381,0,40,
361,U1474,D,4,H,3,1.5,1.5,23,24.5,23.548,25.048,SECT7627401,SHLF7627421,SHLF7627411,0,43,
361,U1474,D,4,H,4,1.5,1.5,24.5,26,25.048,26.548,SECT7627431,SHLF7627451,SHLF7627441,0,25,
361,U1474,D,4,H,5,1.5,1.5,26,27.5,26.548,28.048,SECT7627461,SHLF7627481,SHLF7627471,0,0,
361,U1474,D,4,H,6,0.85,0.85,27.5,28.35,28.048,28.898,SECT7627491,SHLF7627511,SHLF7627501,0,0,
361,U1474,D,4,H,CC,0.18,0.18,28.35,28.53,28.898,29.078,SECT7627521,SHLF7627541,SHLF7627531,0,0,
361,U1474,D,5,H,1,1.5,1.5,29.5,31,30.276,31.776,SECT7627561,SHLF7627581,SHLF7627571,0,0,
361,U1474,D,5,H,2,1.5,1.5,31,32.5,31.776,33.276,SECT7627591,SHLF7627611,SHLF7627601,0,0,
361,U1474,D,5,H,3,1.5,1.5,32.5,34,33.276,34.776,SECT7627621,SHLF7627641,SHLF7627631,0,0,
361,U1474,D,5,H,4,1.5,1.5,34,35.5,34.776,36.276,SECT7627651,SHLF7627671,SHLF7627661,0,0,
361,U1474,D,5,H,5,1.5,1.5,35.5,37,36.276,37.776,SECT7627681,SHLF7627701,SHLF7627691,0,0,
361,U1474,D,5,H,6,0.92,0.92,37,37.92,37.776,38.696,SECT7627711,SHLF7627731,SHLF7627721,0,0,
361,U1474,D,5,H,7,0.75,0.75,37.92,38.67,38.696,39.446,SECT7627741,SHLF7627761,SHLF7627751,0,0,
361,U1474,D,5,H,CC,0.25,0.25,38.67,38.92,39.446,39.696,SECT7627771,SHLF7627791,SHLF7627781,0,0,
361,U1474,D,6,H,1,1.5,1.5,39,40.5,40.499,41.999,SECT7627811,SHLF7627831,SHLF7627821,0,8,
361,U1474,D,6,H,2,1.5,1.5,40.5,42,41.999,43.499,SECT7627841,SHLF7627861,SHLF7627851,0,62,
361,U1474,D,6,H,3,1.5,1.5,42,43.5,43.499,44.999,SECT7627871,SHLF7627891,SHLF7627881,0,65,
361,U1474,D,6,H,4,1.5,1.5,43.5,45,44.999,46.499,SECT7627901,SHLF7627921,SHLF7627911,0,61,
361,U1474,D,6,H,5,1.5,1.5,45,46.5,46.499,47.999,SECT7627931,SHLF7627951,SHLF7627941,0,62,
361,U1474,D,6,H,6,1,1,46.5,47.5,47.999,48.999,SECT7627961,SHLF7627981,SHLF7627971,0,41,
361,U1474,D,6,H,7,0.87,0.87,47.5,48.37,48.999,49.869,SECT7627991,SHLF7628011,SHLF7628001,0,5,
361,U1474,D,6,H,CC,0.24,0.24,48.37,48.61,49.869,50.109,SECT7628021,SHLF7628041,SHLF7628031,0,0,
361,U1474,D,7,H,1,1.5,1.5,48.5,50,50.075,51.575,SECT7628061,SHLF7628081,SHLF7628071,0,0,
361,U1474,D,7,H,2,1.5,1.5,50,51.5,51.575,53.075,SECT7628091,SHLF7628111,SHLF7628101,0,41,
361,U1474,D,7,H,3,1.5,1.5,51.5,53,53.075,54.575,SECT7628121,SHLF7628141,SHLF7628131,0,61,
361,U1474,D,7,H,4,1.5,1.5,53,54.5,54.575,56.075,SECT7628151,SHLF7628171,SHLF7628161,0,61,
361,U1474,D,7,H,5,1.5,1.5,54.5,56,56.075,57.575,SECT7628181,SHLF7628201,SHLF7628191,0,24,
361,U1474,D,7,H,6,1.02,1.02,56,57.02,57.575,58.595,SECT7628211,SHLF7628231,SHLF7628221,0,0,
361,U1474,D,7,H,7,0.91,0.91,57.02,57.93,58.595,59.505,SECT7628241,SHLF7628261,SHLF7628251,0,0,
361,U1474,D,7,H,CC,0.22,0.22,57.93,58.15,59.505,59.725,SECT7628271,SHLF7628291,SHLF7628281,0,0,
361,U1474,D,8,H,1,1.5,1.5,58,59.5,59.667,61.167,SECT7628351,SHLF7628371,SHLF7628361,0,0,
361,U1474,D,8,H,2,1.5,1.5,59.5,61,61.167,62.667,SECT7628381,SHLF7628401,SHLF7628391,0,22,
361,U1474,D,8,H,3,1.5,1.5,61,62.5,62.667,64.167,SECT7628411,SHLF7628431,SHLF7628421,0,32,
361,U1474,D,8,H,4,1.5,1.5,62.5,64,64.167,65.667,SECT7628441,SHLF7628461,SHLF7628451,0,34,
361,U1474,D,8,H,5,1.5,1.5,64,65.5,65.667,67.167,SECT7628471,SHLF7628491,SHLF7628481,0,32,
361,U1474,D,8,H,6,1.03,1.03,65.5,66.53,67.167,68.197,SECT7628501,SHLF7628521,SHLF7628511,0,12,
361,U1474,D,8,H,7,0.75,0.75,66.53,67.28,68.197,68.947,SECT7628531,SHLF7628551,SHLF7628541,0,0,
361,U1474,D,8,H,CC,0.2,0.2,67.28,67.48,68.947,69.147,SECT7628561,SHLF7628581,SHLF7628571,0,0,
361,U1474,D,9,H,1,1.5,1.5,67.5,69,71.237,72.737,SECT7628621,SHLF7628641,SHLF7628631,0,0,
361,U1474,D,9,H,2,1.5,1.5,69,70.5,72.737,74.237,SECT7628651,SHLF7628671,SHLF7628661,0,8,
361,U1474,D,9,H,3,1.5,1.5,70.5,72,74.237,75.737,SECT7628681,SHLF7628701,SHLF7628691,0,8,
361,U1474,D,9,H,4,1.5,1.5,72,73.5,75.737,77.237,SECT7628711,SHLF7628731,SHLF7628721,0,8,
361,U1474,D,9,H,5,1.5,1.5,73.5,75,77.237,78.737,SECT7628741,SHLF7628761,SHLF7628751,0,8,
361,U1474,D,9,H,6,1.5,1.5,75,76.5,78.737,80.237,SECT7628771,SHLF7628791,SHLF7628781,0,8,
361,U1474,D,9,H,7,0.73,0.73,76.5,77.23,80.237,80.967,SECT7628801,SHLF7628821,SHLF7628811,0,3,
361,U1474,D,9,H,CC,0.33,0.33,77.23,77.56,80.967,81.297,SECT7628831,SHLF7628851,SHLF7628841,0,0,
361,U1474,D,10,H,1,1.5,1.5,77,78.5,81.954,83.454,SECT7628881,SHLF7628901,SHLF7628891,0,18,
361,U1474,D,10,H,2,1.5,1.5,78.5,80,83.454,84.954,SECT7628911,SHLF7628931,SHLF7628921,0,28,
361,U1474,D,10,H,3,1.5,1.5,80,81.5,84.954,86.454,SECT7628941,SHLF7628961,SHLF7628951,0,20,
361,U1474,D,10,H,4,1.5,1.5,81.5,83,86.454,87.954,SECT7628971,SHLF7628991,SHLF7628981,0,22,
361,U1474,D,10,H,5,1.5,1.5,83,84.5,87.954,89.454,SECT7629001,SHLF7629021,SHLF7629011,0,20,
361,U1474,D,10,H,6,1.5,1.5,84.5,86,89.454,90.954,SECT7629031,SHLF7629051,SHLF7629041,0,18,
361,U1474,D,10,H,7,0.54,0.54,86,86.54,90.954,91.494,SECT7629061,SHLF7629081,SHLF7629071,0,0,
361,U1474,D,10,H,CC,0.32,0.32,86.54,86.86,91.494,91.814,SECT7629091,SHLF7629111,SHLF7629101,0,0,
361,U1474,D,11,H,1,1.5,1.5,86.5,88,92.429,93.929,SECT7629131,SHLF7629151,SHLF7629141,0,10,
361,U1474,D,11,H,2,1.5,1.5,88,89.5,93.929,95.429,SECT7629161,SHLF7629181,SHLF7629171,0,20,
361,U1474,D,11,H,3,1.5,1.5,89.5,91,95.429,96.929,SECT7629191,SHLF7629211,SHLF7629201,0,20,
361,U1474,D,11,H,4,1.5,1.5,91,92.5,96.929,98.429,SECT7629221,SHLF7629241,SHLF7629231,0,19,
361,U1474,D,11,H,5,1.5,1.5,92.5,94,98.429,99.929,SECT7629251,SHLF7629271,SHLF7629261,0,21,
361,U1474,D,11,H,6,1,1,94,95,99.929,100.929,SECT7629281,SHLF7629301,SHLF7629291,0,15,
361,U1474,D,11,H,7,0.95,0.95,95,95.95,100.929,101.879,SECT7629311,SHLF7629331,SHLF7629321,0,3,
361,U1474,D,11,H,CC,0.21,0.21,95.95,96.16,101.879,102.089,SECT7629341,SHLF7629361,SHLF7629351,0,0,
361,U1474,D,12,H,1,1.5,1.5,96,97.5,103.321,104.821,SECT7629381,SHLF7629401,SHLF7629391,0,0,
361,U1474,D,12,H,2,1.5,1.5,97.5,99,104.821,106.321,SECT7629411,SHLF7629431,SHLF7629421,0,25,
361,U1474,D,12,H,3,1.5,1.5,99,100.5,106.321,107.821,SECT7629441,SHLF7629461,SHLF7629451,0,21,
361,U1474,D,12,H,4,1.5,1.5,100.5,102,107.821,109.321,SECT7629471,SHLF7629491,SHLF7629481,0,0,
361,U1474,D,12,H,5,1.5,1.5,102,103.5,109.321,110.821,SECT7629501,SHLF7629521,SHLF7629511,0,0,
361,U1474,D,12,H,6,1.4,1.4,103.5,104.9,110.821,112.221,SECT7629531,SHLF7629551,SHLF7629541,0,0,
361,U1474,D,12,H,7,0.59,0.59,104.9,105.49,112.221,112.811,SECT7629561,SHLF7629581,SHLF7629571,0,0,
361,U1474,D,12,H,CC,0.28,0.28,105.49,105.77,112.811,113.091,SECT7629591,SHLF7629611,SHLF7629601,0,0,
361,U1474,D,13,H,1,1.5,1.5,105.5,107,114.267,115.767,SECT7629641,SHLF7629661,SHLF7629651,0,0,
361,U1474,D,13,H,2,1.5,1.5,107,108.5,115.767,117.267,SECT7629671,SHLF7629691,SHLF7629681,0,0,
361,U1474,D,13,H,3,1.5,1.5,108.5,110,117.267,118.767,SECT7629701,SHLF7629721,SHLF7629711,0,0,
361,U1474,D,13,H,4,1.5,1.5,110,111.5,118.767,120.267,SECT7629731,SHLF7629751,SHLF7629741,0,0,
361,U1474,D,13,H,5,1.5,1.5,111.5,113,120.267,121.767,SECT7629761,SHLF7629781,SHLF7629771,0,0,
361,U1474,D,13,H,6,1.42,1.42,113,114.42,121.767,123.187,SECT7629791,SHLF7629811,SHLF7629801,0,0,
361,U1474,D,13,H,7,0.56,0.56,114.42,114.98,123.187,123.747,SECT7629821,SHLF7629841,SHLF7629831,0,0,
361,U1474,D,13,H,CC,0.32,0.32,114.98,115.3,123.747,124.067,SECT7629851,SHLF7629871,SHLF7629861,0,0,
361,U1474,D,14,H,1,1.5,1.5,115,116.5,124.444,125.944,SECT7629901,SHLF7629921,SHLF7629911,0,12,
361,U1474,D,14,H,2,1.5,1.5,116.5,118,125.944,127.444,SECT7629931,SHLF7629951,SHLF7629941,0,20,
361,U1474,D,14,H,3,1.5,1.5,118,119.5,127.444,128.944,SECT7629961,SHLF7629981,SHLF7629971,0,20,
361,U1474,D,14,H,4,1.5,1.5,119.5,121,128.944,130.444,SECT7629991,SHLF7630011,SHLF7630001,0,21,
361,U1474,D,14,H,5,1.5,1.5,121,122.5,130.444,131.944,SECT7630021,SHLF7630041,SHLF7630031,0,20,
361,U1474,D,14,H,6,1.5,1.5,122.5,124,131.944,133.444,SECT7630051,SHLF7630071,SHLF7630061,0,20,
361,U1474,D,14,H,7,0.61,0.61,124,124.61,133.444,134.054,SECT7630081,SHLF7630101,SHLF7630091,0,3,
361,U1474,D,14,H,CC,0.21,0.21,124.61,124.82,134.054,134.264,SECT7630111,SHLF7630131,SHLF7630121,0,0,
361,U1474,E,2,H,1,1.5,1.5,105.5,107,112.243,113.743,SECT7634811,SHLF7634831,SHLF7634821,0,5,
361,U1474,E,2,H,2,1.5,1.5,107,108.5,113.743,115.243,SECT7634841,SHLF7634861,SHLF7634851,0,22,
361,U1474,E,2,H,3,1.5,1.5,108.5,110,115.243,116.743,SECT7634871,SHLF7634891,SHLF7634881,0,24,
361,U1474,E,2,H,4,1.5,1.5,110,111.5,116.743,118.243,SECT7634901,SHLF7634921,SHLF7634911,0,19,
361,U1474,E,2,H,5,1.5,1.5,111.5,113,118.243,119.743,SECT7634931,SHLF7634951,SHLF7634941,0,21,
361,U1474,E,2,H,6,1.2,1.2,113,114.2,119.743,120.943,SECT7634961,SHLF7634981,SHLF7634971,0,2,
361,U1474,E,2,H,7,0.71,0.71,114.2,114.91,120.943,121.653,SECT7634991,SHLF7635011,SHLF7635001,0,0,
361,U1474,E,2,H,CC,0.23,0.23,114.91,115.14,121.653,121.883,SECT7635021,SHLF7635041,SHLF7635031,0,0,
361,U1474,E,3,H,1,1.5,1.5,115,116.5,123.158,124.658,SECT7635061,SHLF7635081,SHLF7635071,0,0,
361,U1474,E,3,H,2,1.5,1.5,116.5,118,124.658,126.158,SECT7635091,SHLF7635111,SHLF7635101,0,0,
361,U1474,E,3,H,3,1.5,1.5,118,119.5,126.158,127.658,SECT7635121,SHLF7635141,SHLF7635131,0,0,
361,U1474,E,3,H,4,1.5,1.5,119.5,121,127.658,129.158,SECT7635151,SHLF7635171,SHLF7635161,0,0,
361,U1474,E,3,H,5,1.5,1.5,121,122.5,129.158,130.658,SECT7635181,SHLF7635201,SHLF7635191,0,0,
361,U1474,E,3,H,6,1.5,1.5,122.5,124,130.658,132.158,SECT7635211,SHLF7635231,SHLF7635221,0,0,
361,U1474,E,3,H,7,0.62,0.62,124,124.62,132.158,132.778,SECT7635241,SHLF7635261,SHLF7635251,0,0,
361,U1474,E,3,H,CC,0.27,0.27,124.62,124.89,132.778,133.048,SECT7635271,SHLF7635291,SHLF7635281,0,0,
361,U1474,E,5,H,1,1.5,1.5,126,127.5,136.289,137.789,SECT7635321,SHLF7635341,SHLF7635331,0,0,
361,U1474,E,5,H,2,1.5,1.5,127.5,129,137.789,139.289,SECT7635351,SHLF7635371,SHLF7635361,0,1,
361,U1474,E,5,H,3,1.5,1.5,129,130.5,139.289,140.789,SECT7635381,SHLF7635401,SHLF7635391,0,0,
361,U1474,E,5,H,4,1.5,1.5,130.5,132,140.789,142.289,SECT7635411,SHLF7635431,SHLF7635421,0,0,
361,U1474,E,5,H,5,1.5,1.5,132,133.5,142.289,143.789,SECT7635441,SHLF7635461,SHLF7635451,0,0,
361,U1474,E,5,H,6,0.92,0.92,133.5,134.42,143.789,144.709,SECT7635471,SHLF7635491,SHLF7635481,0,0,
361,U1474,E,5,H,CC,0.29,0.29,134.42,134.71,144.709,144.999,SECT7635501,SHLF7635521,SHLF7635511,0,0,
361,U1474,E,6,H,1,1.5,1.5,135.5,137,144.945,146.445,SECT7635541,SHLF7635561,SHLF7635551,0,0,
361,U1474,E,6,H,2,1.5,1.5,137,138.5,146.445,147.945,SECT7635571,SHLF7635591,SHLF7635581,0,20,
361,U1474,E,6,H,3,1.5,1.5,138.5,140,147.945,149.445,SECT7635601,SHLF7635621,SHLF7635611,0,19,
361,U1474,E,6,H,4,1.51,1.51,140,141.51,149.445,150.955,SECT7635631,SHLF7635651,SHLF7635641,0,21,
361,U1474,E,6,H,5,1.52,1.52,141.51,143.03,150.955,152.475,SECT7635661,SHLF7635681,SHLF7635671,0,4,
361,U1474,E,6,H,6,1.51,1.51,143.03,144.54,152.475,153.985,SECT7635691,SHLF7635711,SHLF7635701,0,0,
361,U1474,E,6,H,7,0.68,0.68,144.54,145.22,153.985,154.665,SECT7635721,SHLF7635741,SHLF7635731,0,0,
361,U1474,E,6,H,CC,0.33,0.33,145.22,145.55,154.665,154.995,SECT7635751,SHLF7635771,SHLF7635761,0,0,
361,U1474,E,7,H,1,1.5,1.5,145,146.5,154.229,155.729,SECT7635791,SHLF7635811,SHLF7635801,0,0,
361,U1474,E,7,H,2,1.5,1.5,146.5,148,155.729,157.229,SECT7635821,SHLF7635841,SHLF7635831,0,15,
361,U1474,E,7,H,3,1.5,1.5,148,149.5,157.229,158.729,SECT7635851,SHLF7635871,SHLF7635861,0,19,
361,U1474,E,7,H,4,1.5,1.5,149.5,151,158.729,160.229,SECT7635881,SHLF7635901,SHLF7635891,0,22,
361,U1474,E,7,H,5,1.5,1.5,151,152.5,160.229,161.729,SECT7635911,SHLF7635931,SHLF7635921,0,22,
361,U1474,E,7,H,6,1.22,1.22,152.5,153.72,161.729,162.949,SECT7635941,SHLF7635961,SHLF7635951,0,12,
361,U1474,E,7,H,7,0.66,0.66,153.72,154.38,162.949,163.609,SECT7635971,SHLF7635991,SHLF7635981,0,0,
361,U1474,E,7,H,CC,0.27,0.27,154.38,154.65,163.609,163.879,SECT7636001,SHLF7636021,SHLF7636011,0,0,
361,U1474,E,8,H,1,1.5,1.5,153,154.5,163.454,164.954,SECT7636041,SHLF7636061,SHLF7636051,0,0,
361,U1474,E,8,H,2,1.5,1.5,154.5,156,164.954,166.454,SECT7636071,SHLF7636091,SHLF7636081,0,19,
361,U1474,E,8,H,3,1.52,1.52,156,157.52,166.454,167.974,SECT7636101,SHLF7636121,SHLF7636111,0,21,
361,U1474,E,8,H,4,1.52,1.52,157.52,159.04,167.974,169.494,SECT7636131,SHLF7636151,SHLF7636141,0,20,
361,U1474,E,8,H,5,1.52,1.52,159.04,160.56,169.494,171.014,SECT7636161,SHLF7636181,SHLF7636171,0,21,
361,U1474,E,8,H,6,1.51,1.51,160.56,162.07,171.014,172.524,SECT7636191,SHLF7636211,SHLF7636201,0,10,
361,U1474,E,8,H,7,0.69,0.69,162.07,162.76,172.524,173.214,SECT7636221,SHLF7636241,SHLF7636231,0,0,
361,U1474,E,8,H,CC,0.2,0.2,162.76,162.96,173.214,173.414,SECT7636251,SHLF7636271,SHLF7636261,0,0,
361,U1474,E,9,H,1,1.48,1.48,162.5,163.98,174.775,176.255,SECT7636291,SHLF7636311,SHLF7636301,0,3,
361,U1474,E,9,H,2,1.5,1.5,163.98,165.48,176.255,177.755,SECT7636321,SHLF7636341,SHLF7636331,0,21,
361,U1474,E,9,H,3,1.49,1.49,165.48,166.97,177.755,179.245,SECT7636351,SHLF7636371,SHLF7636361,0,19,
361,U1474,E,9,H,4,1.5,1.5,166.97,168.47,179.245,180.745,SECT7636381,SHLF7636401,SHLF7636391,0,16,
361,U1474,E,9,H,5,1.49,1.49,168.47,169.96,180.745,182.235,SECT7636411,SHLF7636431,SHLF7636421,0,0,
361,U1474,E,9,H,6,1.51,1.51,169.96,171.47,182.235,183.745,SECT7636441,SHLF7636461,SHLF7636451,0,0,
361,U1474,E,9,H,7,0.77,0.77,171.47,172.24,183.745,184.515,SECT7636471,SHLF7636491,SHLF7636481,0,0,
361,U1474,E,9,H,CC,0.29,0.29,172.24,172.53,184.515,184.805,SECT7636501,SHLF7636521,SHLF7636511,0,0,
361,U1474,E,10,F,1,1.5,1.5,172,173.5,184.861,186.361,SECT7636551,SHLF7636571,SHLF7636561,0,22,
361,U1474,E,10,F,2,1.5,1.5,173.5,175,186.361,187.861,SECT7636581,SHLF7636601,SHLF7636591,0,16,
361,U1474,E,10,F,3,1,1,175,176,187.861,188.861,SECT7636611,SHLF7636631,SHLF7636621,0,0,
361,U1474,E,10,F,4,0.69,0.69,176,176.69,188.861,189.551,SECT7636641,SHLF7636661,SHLF7636651,0,0,
361,U1474,E,11,F,1,1.5,1.5,176.7,178.2,189.768,191.268,SECT7636681,SHLF7636701,SHLF7636691,0,0,
361,U1474,E,11,F,2,1.5,1.5,178.2,179.7,191.268,192.768,SECT7636711,SHLF7636731,SHLF7636721,0,0,
361,U1474,E,11,F,3,1.01,1.01,179.7,180.71,192.768,193.778,SECT7636741,SHLF7636761,SHLF7636751,0,0,
361,U1474,E,11,F,4,0.68,0.68,180.71,181.39,193.778,194.458,SECT7636771,SHLF7636791,SHLF7636781,0,0,
361,U1474,E,11,F,CC,0.26,0.26,181.39,181.65,194.458,194.718,SECT7636801,SHLF7636821,SHLF7636811,0,0,
361,U1474,E,12,F,1,1.5,1.5,181.4,182.9,196.136,197.636,SECT7636841,SHLF7636861,SHLF7636851,0,0,
361,U1474,E,12,F,2,1.5,1.5,182.9,184.4,197.636,199.136,SECT7636871,SHLF7636891,SHLF7636881,0,1,
361,U1474,E,12,F,3,1,1,184.4,185.4,199.136,200.136,SECT7636901,SHLF7636921,SHLF7636911,0,0,
361,U1474,E,12,F,4,0.7,0.7,185.4,186.1,200.136,200.836,SECT7636931,SHLF7636951,SHLF7636941,0,0,
361,U1474,E,13,F,1,1.5,1.5,186.1,187.6,201.519,203.019,SECT7636971,SHLF7636991,SHLF7636981,0,0,
361,U1474,E,13,F,2,1.5,1.5,187.6,189.1,203.019,204.519,SECT7637001,SHLF7637021,SHLF7637011,0,0,
361,U1474,E,13,F,3,1,1,189.1,190.1,204.519,205.519,SECT7637031,SHLF7637051,SHLF7637041,0,0,
361,U1474,E,13,F,4,0.7,0.7,190.1,190.8,205.519,206.219,SECT7637061,SHLF7637081,SHLF7637071,0,0,
361,U1474,E,13,F,CC,0.39,0.39,190.8,191.19,206.219,206.609,SECT7637091,SHLF7637111,SHLF7637101,0,0,
361,U1474,E,14,F,1,1.5,1.5,190.8,192.3,207.786,209.286,SECT7637131,SHLF7637151,SHLF7637141,0,16,
361,U1474,E,14,F,2,1.5,1.5,192.3,193.8,209.286,210.786,SECT7637161,SHLF7637181,SHLF7637171,0,18,
361,U1474,E,14,F,3,1,1,193.8,194.8,210.786,211.786,SECT7637191,SHLF7637211,SHLF7637201,0,11,
361,U1474,E,14,F,4,0.55,0.55,194.8,195.35,211.786,212.336,SECT7637221,SHLF7637241,SHLF7637231,0,8,
361,U1474,E,14,F,CC,0.13,0.13,195.35,195.48,212.336,212.466,SECT7637251,SHLF7637271,SHLF7637261,0,0,
361,U1474,E,15,F,1,1.5,1.5,195.5,197,212.603,214.103,SECT7637291,SHLF7637311,SHLF7637301,0,0,
361,U1474,E,15,F,2,1.5,1.5,197,198.5,214.103,215.603,SECT7637321,SHLF7637341,SHLF7637331,0,0,
361,U1474,E,15,F,3,0.78,0.78,198.5,199.28,215.603,216.383,SECT7637351,SHLF7637371,SHLF7637361,0,0,
361,U1474,E,15,F,CC,0.11,0.11,199.28,199.39,216.383,216.493,SECT7637381,SHLF7637401,SHLF7637391,0,0,
361,U1474,E,16,F,1,1.5,1.5,200.2,201.7,216.952,218.452,SECT7637421,SHLF7637441,SHLF7637431,0,10,
361,U1474,E,16,F,2,1.5,1.5,201.7,203.2,218.452,219.952,SECT7637451,SHLF7637471,SHLF7637461,0,18,
361,U1474,E,16,F,3,1,1,203.2,204.2,219.952,220.952,SECT7637481,SHLF7637501,SHLF7637491,0,12,
361,U1474,E,16,F,4,0.69,0.69,204.2,204.89,220.952,221.642,SECT7637511,SHLF7637531,SHLF7637521,0,8,
361,U1474,E,16,F,CC,0.24,0.24,204.89,205.13,221.642,221.882,SECT7637541,SHLF7637561,SHLF7637551,0,0,
361,U1474,E,17,F,1,1.5,1.5,204.9,206.4,221.735,223.235,SECT7637581,SHLF7637601,SHLF7637591,0,6,
361,U1474,E,17,F,2,1.5,1.5,206.4,207.9,223.235,224.735,SECT7637611,SHLF7637631,SHLF7637621,0,0,
361,U1474,E,17,F,3,1.43,1.43,207.9,209.33,224.735,226.165,SECT7637641,SHLF7637661,SHLF7637651,0,1,
361,U1474,E,17,F,CC,0.33,0.33,209.33,209.66,226.165,226.495,SECT7637671,SHLF7637691,SHLF7637681,0,0,
361,U1474,E,18,F,1,1.5,1.5,209.6,211.1,226.816,228.316,SECT7637711,SHLF7637731,SHLF7637721,0,11,
361,U1474,E,18,F,2,1.5,1.5,211.1,212.6,228.316,229.816,SECT7637741,SHLF7637761,SHLF7637751,0,20,
361,U1474,E,18,F,3,1.01,1.01,212.6,213.61,229.816,230.826,SECT7637771,SHLF7637791,SHLF7637781,0,3,
361,U1474,E,18,F,4,0.66,0.66,213.61,214.27,230.826,231.486,SECT7637801,SHLF7637821,SHLF7637811,0,0,
361,U1474,E,19,F,1,1.5,1.5,214.3,215.8,231.394,232.894,SECT7637841,SHLF7637861,SHLF7637851,0,10,Split Liner
361,U1474,E,19,F,2,1.5,1.5,215.8,217.3,232.894,234.394,SECT7637871,SHLF7637891,SHLF7637881,0,11,Split Liner
361,U1474,E,19,F,3,0.85,0.85,217.3,218.15,234.394,235.244,SECT7637901,SHLF7637921,SHLF7637911,0,0,Split Liner
361,U1474,E,19,F,CC,0.3,0.3,218.15,218.45,235.244,235.544,SECT7637931,SHLF7637951,SHLF7637941,0,0,
361,U1474,F,1,H,1,1.5,1.5,0,1.5,0,1.5,SECT7637991,SHLF7638011,SHLF7638001,0,115,
361,U1474,F,1,H,2,0.99,0.99,1.5,2.49,1.5,2.49,SECT7638021,SHLF7638041,SHLF7638031,0,75,
361,U1474,F,1,H,3,0.59,0.59,2.49,3.08,2.49,3.08,SECT7638051,SHLF7638071,SHLF7638061,0,0,
361,U1474,F,1,H,CC,0.15,0.15,3.08,3.23,3.08,3.23,SECT7638081,SHLF7638101,SHLF7638091,0,0,
361,U1474,F,2,H,1,1.5,1.5,3.2,4.7,2.85,4.35,SECT7638121,SHLF7638141,SHLF7638131,0,0,
361,U1474,F,2,H,2,1.5,1.5,4.7,6.2,4.35,5.85,SECT7638151,SHLF7638171,SHLF7638161,0,19,
361,U1474,F,2,H,3,1.5,1.5,6.2,7.7,5.85,7.35,SECT7638181,SHLF7638201,SHLF7638191,0,61,
361,U1474,F,2,H,4,1.5,1.5,7.7,9.2,7.35,8.85,SECT7638211,SHLF7638231,SHLF7638221,0,43,
361,U1474,F,2,H,5,1.5,1.5,9.2,10.7,8.85,10.35,SECT7638241,SHLF7638261,SHLF7638251,0,41,
361,U1474,F,2,H,6,1.21,1.21,10.7,11.91,10.35,11.56,SECT7638271,SHLF7638291,SHLF7638281,0,30,
361,U1474,F,2,H,7,0.65,0.65,11.91,12.56,11.56,12.21,SECT7638301,SHLF7638321,SHLF7638311,0,0,
361,U1474,F,2,H,CC,0.16,0.16,12.56,12.72,12.21,12.37,SECT7638331,SHLF7638351,SHLF7638341,0,0,
361,U1474,F,3,H,1,1.5,1.5,12.7,14.2,12.441,13.941,SECT7638371,SHLF7638391,SHLF7638381,0,0,
361,U1474,F,3,H,2,1.5,1.5,14.2,15.7,13.941,15.441,SECT7638401,SHLF7638421,SHLF7638411,0,0,
361,U1474,F,3,H,3,1.5,1.5,15.7,17.2,15.441,16.941,SECT7638431,SHLF7638451,SHLF7638441,0,0,
361,U1474,F,3,H,4,1.07,1.07,17.2,18.27,16.941,18.011,SECT7638461,SHLF7638481,SHLF7638471,0,0,
361,U1474,F,3,H,CC,0.17,0.17,18.27,18.44,18.011,18.181,SECT7638491,SHLF7638511,SHLF7638501,0,0,
361,U1474,F,4,H,1,1.5,1.5,22.2,23.7,22.504,24.004,SECT7638531,SHLF7638551,SHLF7638541,0,0,
361,U1474,F,4,H,2,1.5,1.5,23.7,25.2,24.004,25.504,SECT7638561,SHLF7638581,SHLF7638571,0,0,
361,U1474,F,4,H,3,1.5,1.5,25.2,26.7,25.504,27.004,SECT7638591,SHLF7638611,SHLF7638601,0,30,
361,U1474,F,4,H,4,1.5,1.5,26.7,28.2,27.004,28.504,SECT7638621,SHLF7638641,SHLF7638631,0,40,
361,U1474,F,4,H,5,1.5,1.5,28.2,29.7,28.504,30.004,SECT7638651,SHLF7638671,SHLF7638661,0,41,
361,U1474,F,4,H,6,1.46,1.46,29.7,31.16,30.004,31.464,SECT7638681,SHLF7638701,SHLF7638691,0,20,
361,U1474,F,4,H,CC,0.21,0.21,31.16,31.37,31.464,31.674,SECT7638711,SHLF7638731,SHLF7638721,0,0,
361,U1474,F,5,H,1,1.5,1.5,31.7,33.2,32.864,34.364,SECT7638751,SHLF7638771,SHLF7638761,0,19,
361,U1474,F,5,H,2,1.5,1.5,33.2,34.7,34.364,35.864,SECT7638781,SHLF7638801,SHLF7638791,0,39,
361,U1474,F,5,H,3,1.5,1.5,34.7,36.2,35.864,37.364,SECT7638811,SHLF7638831,SHLF7638821,0,40,
361,U1474,F,5,H,4,1.5,1.5,36.2,37.7,37.364,38.864,SECT7638841,SHLF7638861,SHLF7638851,0,43,
361,U1474,F,5,H,5,1.5,1.5,37.7,39.2,38.864,40.364,SECT7638871,SHLF7638891,SHLF7638881,0,71,
361,U1474,F,5,H,6,1.5,1.5,39.2,40.7,40.364,41.864,SECT7638901,SHLF7638921,SHLF7638911,0,68,
361,U1474,F,5,H,7,0.58,0.58,40.7,41.28,41.864,42.444,SECT7638931,SHLF7638951,SHLF7638941,0,0,
361,U1474,F,5,H,CC,0.2,0.2,41.28,41.48,42.444,42.644,SECT7638961,SHLF7638981,SHLF7638971,0,0,
361,U1474,F,6,H,1,1.51,1.51,41.2,42.71,43.514,45.024,SECT7639001,SHLF7639021,SHLF7639011,0,0,DISTURBED SHATTERED LINER
361,U1474,F,6,H,2,1.5,1.5,42.71,44.21,45.024,46.524,SECT7639031,SHLF7639051,SHLF7639041,0,0,DISTURBED SHATTERED LINER
361,U1474,F,6,H,3,0.75,0.75,44.21,44.96,46.524,47.274,SECT7639061,SHLF7639081,SHLF7639071,0,0,DISTURBED SHATTERED LINER
361,U1474,F,6,H,4,1.5,1.5,44.96,46.46,47.274,48.774,SECT7639091,SHLF7639111,SHLF7639101,0,0,DISTURBED SHATTERED LINER
361,U1474,F,6,H,5,1.35,1.35,46.46,47.81,48.774,50.124,SECT7639121,SHLF7639141,SHLF7639131,0,0,DISTURBED SHATTERED LINER
361,U1474,F,6,H,6,1.1,1.1,47.81,48.91,50.124,51.224,SECT7639151,SHLF7639171,SHLF7639161,0,0,DISTURBED SHATTERED LINER
361,U1474,F,6,H,CC,0.53,0.53,48.91,49.44,51.224,51.754,SECT7639181,SHLF7639201,SHLF7639191,0,0,DISTURBED SHATTERED LINER
361,U1474,F,7,H,1,1.5,1.5,50.7,52.2,53.067,54.567,SECT7639221,SHLF7639241,SHLF7639231,0,0,
361,U1474,F,7,H,2,1.5,1.5,52.2,53.7,54.567,56.067,SECT7639251,SHLF7639271,SHLF7639261,0,0,
361,U1474,F,7,H,3,1.5,1.5,53.7,55.2,56.067,57.567,SECT7639281,SHLF7639301,SHLF7639291,0,8,
361,U1474,F,7,H,4,1.5,1.5,55.2,56.7,57.567,59.067,SECT7639311,SHLF7639331,SHLF7639321,0,33,
361,U1474,F,7,H,5,1.5,1.5,56.7,58.2,59.067,60.567,SECT7639341,SHLF7639361,SHLF7639351,0,32,
361,U1474,F,7,H,6,1.5,1.5,58.2,59.7,60.567,62.067,SECT7639371,SHLF7639391,SHLF7639381,0,22,
361,U1474,F,7,H,7,0.75,0.75,59.7,60.45,62.067,62.817,SECT7639401,SHLF7639421,SHLF7639411,0,0,
361,U1474,F,7,H,CC,0.21,0.21,60.45,60.66,62.817,63.027,SECT7639431,SHLF7639451,SHLF7639441,0,0,
361,U1474,F,8,H,1,1.5,1.5,60.2,61.7,63.762,65.262,SECT7639471,SHLF7639491,SHLF7639481,0,0,
361,U1474,F,8,H,2,1.5,1.5,61.7,63.2,65.262,66.762,SECT7639501,SHLF7639521,SHLF7639511,0,0,
361,U1474,F,8,H,3,1.5,1.5,63.2,64.7,66.762,68.262,SECT7639531,SHLF7639551,SHLF7639541,0,10,
361,U1474,F,8,H,4,1.5,1.5,64.7,66.2,68.262,69.762,SECT7639561,SHLF7639581,SHLF7639571,0,32,
361,U1474,F,8,H,5,1.5,1.5,66.2,67.7,69.762,71.262,SECT7639591,SHLF7639611,SHLF7639601,0,31,
361,U1474,F,8,H,6,1.53,1.53,67.7,69.23,71.262,72.792,SECT7639621,SHLF7639641,SHLF7639631,0,30,
361,U1474,F,8,H,7,0.76,0.76,69.23,69.99,72.792,73.552,SECT7639651,SHLF7639671,SHLF7639661,0,0,
361,U1474,F,8,H,CC,0.18,0.18,69.99,70.17,73.552,73.732,SECT7639681,SHLF7639701,SHLF7639691,0,0,
361,U1474,F,9,H,1,1.5,1.5,69.7,71.2,74.068,75.568,SECT7639721,SHLF7639741,SHLF7639731,0,24,
361,U1474,F,9,H,2,1.5,1.5,71.2,72.7,75.568,77.068,SECT7639751,SHLF7639771,SHLF7639761,0,28,
361,U1474,F,9,H,3,1.5,1.5,72.7,74.2,77.068,78.568,SECT7639781,SHLF7639801,SHLF7639791,0,36,
361,U1474,F,9,H,4,1.5,1.5,74.2,75.7,78.568,80.068,SECT7639811,SHLF7639831,SHLF7639821,0,31,
361,U1474,F,9,H,5,1.5,1.5,75.7,77.2,80.068,81.568,SECT7639841,SHLF7639861,SHLF7639851,0,31,
361,U1474,F,9,H,6,1.51,1.51,77.2,78.71,81.568,83.078,SECT7639871,SHLF7639891,SHLF7639881,0,29,
361,U1474,F,9,H,7,0.73,0.73,78.71,79.44,83.078,83.808,SECT7639901,SHLF7639921,SHLF7639911,0,0,
361,U1474,F,9,H,CC,0.22,0.22,79.44,79.66,83.808,84.028,SECT7639931,SHLF7639951,SHLF7639941,0,0,
361,U1474,F,10,H,1,1.5,1.5,79.2,80.7,85.022,86.522,SECT7639971,SHLF7639991,SHLF7639981,0,0,
361,U1474,F,10,H,2,1.5,1.5,80.7,82.2,86.522,88.022,SECT7640001,SHLF7640021,SHLF7640011,0,0,
361,U1474,F,10,H,3,1.5,1.5,82.2,83.7,88.022,89.522,SECT7640031,SHLF7640051,SHLF7640041,0,0,
361,U1474,F,10,H,4,1.5,1.5,83.7,85.2,89.522,91.022,SECT7640061,SHLF7640081,SHLF7640071,0,3,
361,U1474,F,10,H,5,1.5,1.5,85.2,86.7,91.022,92.522,SECT7640091,SHLF7640111,SHLF7640101,0,21,
361,U1474,F,10,H,6,1.5,1.5,86.7,88.2,92.522,94.022,SECT7640121,SHLF7640141,SHLF7640131,0,8,
361,U1474,F,10,H,7,0.61,0.61,88.2,88.81,94.022,94.632,SECT7640151,SHLF7640171,SHLF7640161,0,0,
361,U1474,F,10,H,CC,0.25,0.25,88.81,89.06,94.632,94.882,SECT7640181,SHLF7640201,SHLF7640191,0,0,
361,U1474,F,11,H,1,1.5,1.5,88.7,90.2,95.786,97.286,SECT7640241,SHLF7640261,SHLF7640251,0,0,
361,U1474,F,11,H,2,1.51,1.51,90.2,91.71,97.286,98.796,SECT7640271,SHLF7640291,SHLF7640281,0,0,
361,U1474,F,11,H,3,1.51,1.51,91.71,93.22,98.796,100.306,SECT7640301,SHLF7640321,SHLF7640311,0,0,
361,U1474,F,11,H,4,1.5,1.5,93.22,94.72,100.306,101.806,SECT7640331,SHLF7640351,SHLF7640341,0,9,
361,U1474,F,11,H,5,1.51,1.51,94.72,96.23,101.806,103.316,SECT7640361,SHLF7640381,SHLF7640371,0,21,
361,U1474,F,11,H,6,1.51,1.51,96.23,97.74,103.316,104.826,SECT7640391,SHLF7640411,SHLF7640401,0,20,
361,U1474,F,11,H,7,0.65,0.65,97.74,98.39,104.826,105.476,SECT7640421,SHLF7640441,SHLF7640431,0,0,
361,U1474,F,11,H,CC,0.2,0.2,98.39,98.59,105.476,105.676,SECT7640451,SHLF7640471,SHLF7640461,0,0,
361,U1474,F,12,H,1,1.5,1.5,98.2,99.7,105.839,107.339,SECT7640491,SHLF7640511,SHLF7640501,0,0,
361,U1474,F,12,H,2,1.5,1.5,99.7,101.2,107.339,108.839,SECT7640521,SHLF7640541,SHLF7640531,0,19,
361,U1474,F,12,H,3,1.5,1.5,101.2,102.7,108.839,110.339,SECT7640551,SHLF7640571,SHLF7640561,0,24,
361,U1474,F,12,H,4,1.5,1.5,102.7,104.2,110.339,111.839,SECT7640581,SHLF7640601,SHLF7640591,0,24,
361,U1474,F,12,H,5,1.5,1.5,104.2,105.7,111.839,113.339,SECT7640611,SHLF7640631,SHLF7640621,0,26,
361,U1474,F,12,H,6,1.5,1.5,105.7,107.2,113.339,114.839,SECT7640641,SHLF7640661,SHLF7640651,0,3,
361,U1474,F,12,H,7,0.74,0.74,107.2,107.94,114.839,115.579,SECT7640671,SHLF7640691,SHLF7640681,0,2,
361,U1474,F,12,H,CC,0.18,0.18,107.94,108.12,115.579,115.759,SECT7640701,SHLF7640721,SHLF7640711,0,0,
361,U1474,F,13,H,1,1.5,1.5,107.7,109.2,116.207,117.707,SECT7640741,SHLF7640761,SHLF7640751,0,3,
361,U1474,F,13,H,2,1.51,1.51,109.2,110.71,117.707,119.217,SECT7640771,SHLF7640791,SHLF7640781,0,3,
361,U1474,F,13,H,3,1.53,1.53,110.71,112.24,119.217,120.747,SECT7640801,SHLF7640821,SHLF7640811,0,16,
361,U1474,F,13,H,4,1.52,1.52,112.24,113.76,120.747,122.267,SECT7640831,SHLF7640851,SHLF7640841,0,23,
361,U1474,F,13,H,5,1.51,1.51,113.76,115.27,122.267,123.777,SECT7640861,SHLF7640881,SHLF7640871,0,21,
361,U1474,F,13,H,6,1.51,1.51,115.27,116.78,123.777,125.287,SECT7640891,SHLF7640911,SHLF7640901,0,16,
361,U1474,F,13,H,7,0.67,0.67,116.78,117.45,125.287,125.957,SECT7640921,SHLF7640941,SHLF7640931,0,0,
361,U1474,F,13,H,CC,0.25,0.25,117.45,117.7,125.957,126.207,SECT7640951,SHLF7640971,SHLF7640961,0,0,
361,U1474,F,14,H,1,1.5,1.5,117.2,118.7,127.189,128.689,SECT7640991,SHLF7641011,SHLF7641001,0,0,
361,U1474,F,14,H,2,1.5,1.5,118.7,120.2,128.689,130.189,SECT7641021,SHLF7641041,SHLF7641031,0,0,
361,U1474,F,14,H,3,1.5,1.5,120.2,121.7,130.189,131.689,SECT7641051,SHLF7641071,SHLF7641061,0,0,
361,U1474,F,14,H,4,1.5,1.5,121.7,123.2,131.689,133.189,SECT7641081,SHLF7641101,SHLF7641091,0,0,
361,U1474,F,14,H,5,1.5,1.5,123.2,124.7,133.189,134.689,SECT7641111,SHLF7641131,SHLF7641121,0,0,
361,U1474,F,14,H,6,1.5,1.5,124.7,126.2,134.689,136.189,SECT7641141,SHLF7641161,SHLF7641151,0,0,
361,U1474,F,14,H,7,0.62,0.62,126.2,126.82,136.189,136.809,SECT7641171,SHLF7641191,SHLF7641181,0,0,
361,U1474,F,14,H,CC,0.12,0.12,126.82,126.94,136.809,136.929,SECT7641201,SHLF7641221,SHLF7641211,0,0,
361,U1474,F,15,H,1,1.5,1.5,126.7,128.2,136.417,137.917,SECT7641261,SHLF7641281,SHLF7641271,0,13,
361,U1474,F,15,H,2,1.5,1.5,128.2,129.7,137.917,139.417,SECT7641291,SHLF7641311,SHLF7641301,0,21,
361,U1474,F,15,H,3,1.5,1.5,129.7,131.2,139.417,140.917,SECT7641321,SHLF7641341,SHLF7641331,0,19,
361,U1474,F,15,H,4,1.5,1.5,131.2,132.7,140.917,142.417,SECT7641351,SHLF7641371,SHLF7641361,0,21,
361,U1474,F,15,H,5,1.5,1.5,132.7,134.2,142.417,143.917,SECT7641381,SHLF7641401,SHLF7641391,0,24,
361,U1474,F,15,H,6,1.51,1.51,134.2,135.71,143.917,145.427,SECT7641411,SHLF7641431,SHLF7641421,0,12,
361,U1474,F,15,H,7,0.71,0.71,135.71,136.42,145.427,146.137,SECT7641441,SHLF7641461,SHLF7641451,0,0,
361,U1474,F,15,H,CC,0.28,0.28,136.42,136.7,146.137,146.417,SECT7641471,SHLF7641491,SHLF7641481,0,0,
361,U1474,F,16,H,1,1.5,1.5,136.2,137.7,146.532,148.032,SECT7641511,SHLF7641531,SHLF7641521,0,0,
361,U1474,F,16,H,2,1.51,1.51,137.7,139.21,148.032,149.542,SECT7641541,SHLF7641561,SHLF7641551,0,0,
361,U1474,F,16,H,3,1.51,1.51,139.21,140.72,149.542,151.052,SECT7641571,SHLF7641591,SHLF7641581,0,0,
361,U1474,F,16,H,4,1.5,1.5,140.72,142.22,151.052,152.552,SECT7641601,SHLF7641621,SHLF7641611,0,19,
361,U1474,F,16,H,5,1.5,1.5,142.22,143.72,152.552,154.052,SECT7641631,SHLF7641651,SHLF7641641,0,20,
361,U1474,F,16,H,6,1.5,1.5,143.72,145.22,154.052,155.552,SECT7641661,SHLF7641681,SHLF7641671,0,9,
361,U1474,F,16,H,7,0.69,0.69,145.22,145.91,155.552,156.242,SECT7641691,SHLF7641711,SHLF7641701,0,0,
361,U1474,F,16,H,CC,0.26,0.26,145.91,146.17,156.242,156.502,SECT7641721,SHLF7641741,SHLF7641731,0,0,
361,U1474,F,17,H,1,1.5,1.5,145.7,147.2,156.351,157.851,SECT7641761,SHLF7641781,SHLF7641771,0,0,
361,U1474,F,17,H,2,1.5,1.5,147.2,148.7,157.851,159.351,SECT7641791,SHLF7641811,SHLF7641801,0,6,
361,U1474,F,17,H,3,1.5,1.5,148.7,150.2,159.351,160.851,SECT7641821,SHLF7641841,SHLF7641831,0,6,
361,U1474,F,17,H,4,1.5,1.5,150.2,151.7,160.851,162.351,SECT7641851,SHLF7641871,SHLF7641861,0,7,
361,U1474,F,17,H,5,1.5,1.5,151.7,153.2,162.351,163.851,SECT7641881,SHLF7641901,SHLF7641891,0,18,
361,U1474,F,17,H,6,1.41,1.41,153.2,154.61,163.851,165.261,SECT7641911,SHLF7641931,SHLF7641921,0,17,
361,U1474,F,17,H,7,0.72,0.72,154.61,155.33,165.261,165.981,SECT7641941,SHLF7641961,SHLF7641951,0,0,Warped Liner
361,U1474,F,17,H,CC,0.21,0.21,155.33,155.54,165.981,166.191,SECT7641971,SHLF7641991,SHLF7641981,0,0,
361,U1474,F,18,H,1,1.5,1.5,155.2,156.7,168.104,169.604,SECT7642021,SHLF7642041,SHLF7642031,0,0,
361,U1474,F,18,H,2,1.5,1.5,156.7,158.2,169.604,171.104,SECT7642051,SHLF7642071,SHLF7642061,0,4,
361,U1474,F,18,H,3,1.5,1.5,158.2,159.7,171.104,172.604,SECT7642081,SHLF7642101,SHLF7642091,0,16,
361,U1474,F,18,H,4,1.5,1.5,159.7,161.2,172.604,174.104,SECT7642111,SHLF7642131,SHLF7642121,0,18,
361,U1474,F,18,H,5,1.51,1.51,161.2,162.71,174.104,175.614,SECT7642141,SHLF7642161,SHLF7642151,0,14,
361,U1474,F,18,H,6,1.5,1.5,162.71,164.21,175.614,177.114,SECT7642171,SHLF7642191,SHLF7642181,0,0,
361,U1474,F,18,H,7,0.7,0.7,164.21,164.91,177.114,177.814,SECT7642201,SHLF7642221,SHLF7642211,0,0,
361,U1474,F,18,H,CC,0.25,0.25,164.91,165.16,177.814,178.064,SECT7642231,SHLF7642251,SHLF7642241,0,0,
361,U1474,F,19,H,1,1.5,1.5,164.7,166.2,177.766,179.266,SECT7642271,SHLF7642291,SHLF7642281,0,0,
361,U1474,F,19,H,2,1.52,1.52,166.2,167.72,179.266,180.786,SECT7642301,SHLF7642321,SHLF7642311,0,4,
361,U1474,F,19,H,3,1.51,1.51,167.72,169.23,180.786,182.296,SECT7642331,SHLF7642351,SHLF7642341,0,21,
361,U1474,F,19,H,4,1.51,1.51,169.23,170.74,182.296,183.806,SECT7642361,SHLF7642381,SHLF7642371,0,20,
361,U1474,F,19,H,5,1.53,1.53,170.74,172.27,183.806,185.336,SECT7642391,SHLF7642411,SHLF7642401,0,13,
361,U1474,F,19,H,6,1.51,1.51,172.27,173.78,185.336,186.846,SECT7642421,SHLF7642441,SHLF7642431,0,0,
361,U1474,F,19,H,7,0.71,0.71,173.78,174.49,186.846,187.556,SECT7642451,SHLF7642471,SHLF7642461,0,0,
361,U1474,F,19,H,CC,0.22,0.22,174.49,174.71,187.556,187.776,SECT7642481,SHLF7642501,SHLF7642491,0,0,
361,U1474,F,20,H,1,1.5,1.5,174.2,175.7,187.536,189.036,SECT7642531,SHLF7642551,SHLF7642541,0,21,
361,U1474,F,20,H,2,1.52,1.52,175.7,177.22,189.036,190.556,SECT7642561,SHLF7642581,SHLF7642571,0,16,
361,U1474,F,20,H,3,1.51,1.51,177.22,178.73,190.556,192.066,SECT7642591,SHLF7642611,SHLF7642601,0,15,
361,U1474,F,20,H,4,1.5,1.5,178.73,180.23,192.066,193.566,SECT7642621,SHLF7642641,SHLF7642631,0,0,
361,U1474,F,20,H,5,1.5,1.5,180.23,181.73,193.566,195.066,SECT7642651,SHLF7642671,SHLF7642661,0,0,
361,U1474,F,20,H,6,1.5,1.5,181.73,183.23,195.066,196.566,SECT7642681,SHLF7642701,SHLF7642691,0,0,
361,U1474,F,20,H,7,0.66,0.66,183.23,183.89,196.566,197.226,SECT7642711,SHLF7642731,SHLF7642721,0,0,
361,U1474,F,20,H,CC,0.27,0.27,183.89,184.16,197.226,197.496,SECT7642741,SHLF7642761,SHLF7642751,0,0,
361,U1474,F,21,H,1,1.51,1.51,182.7,184.21,198.136,199.646,SECT7642781,SHLF7642801,SHLF7642791,0,7,
361,U1474,F,21,H,2,1.52,1.52,184.21,185.73,199.646,201.166,SECT7642811,SHLF7642831,SHLF7642821,0,15,
361,U1474,F,21,H,3,1.52,1.52,185.73,187.25,201.166,202.686,SECT7642841,SHLF7642861,SHLF7642851,0,29,
361,U1474,F,21,H,4,1.51,1.51,187.25,188.76,202.686,204.196,SECT7642871,SHLF7642891,SHLF7642881,0,18,
361,U1474,F,21,H,5,1.53,1.53,188.76,190.29,204.196,205.726,SECT7642901,SHLF7642921,SHLF7642911,0,0,
361,U1474,F,21,H,6,1.52,1.52,190.29,191.81,205.726,207.246,SECT7642931,SHLF7642951,SHLF7642941,0,0,
361,U1474,F,21,H,7,0.67,0.67,191.81,192.48,207.246,207.916,SECT7642961,SHLF7642981,SHLF7642971,0,0,
361,U1474,F,21,H,CC,0.26,0.26,192.48,192.74,207.916,208.176,SECT7642991,SHLF7643011,SHLF7643001,0,0,
361,U1474,F,22,F,1,1.5,1.5,190.2,191.7,207.194,208.694,SECT7643151,SHLF7643171,SHLF7643161,0,0,
361,U1474,F,22,F,2,1.5,1.5,191.7,193.2,208.694,210.194,SECT7643181,SHLF7643201,SHLF7643191,0,0,
361,U1474,F,22,F,3,1.01,1.01,193.2,194.21,210.194,211.204,SECT7643211,SHLF7643231,SHLF7643221,0,0,
361,U1474,F,22,F,4,0.65,0.65,194.21,194.86,211.204,211.854,SECT7643241,SHLF7643261,SHLF7643251,0,0,
361,U1474,F,22,F,CC,0.14,0.14,194.86,195,211.854,211.994,SECT7643271,SHLF7643291,SHLF7643281,0,0,
361,U1474,F,23,F,1,1.5,1.5,194.9,196.4,212.253,213.753,SECT7643431,SHLF7643451,SHLF7643441,0,20,
361,U1474,F,23,F,2,1.5,1.5,196.4,197.9,213.753,215.253,SECT7643461,SHLF7643481,SHLF7643471,0,17,
361,U1474,F,23,F,3,1.01,1.01,197.9,198.91,215.253,216.263,SECT7643491,SHLF7643511,SHLF7643501,0,17,
361,U1474,F,23,F,4,0.71,0.71,198.91,199.62,216.263,216.973,SECT7643521,SHLF7643541,SHLF7643531,0,0,
361,U1474,F,23,F,CC,0.4,0.4,199.62,200.02,216.973,217.373,SECT7643551,SHLF7643571,SHLF7643561,0,0,
361,U1474,F,24,F,1,1.5,1.5,199.6,201.1,217.067,218.567,SECT7643591,SHLF7643611,SHLF7643601,0,0,
361,U1474,F,24,F,2,1.5,1.5,201.1,202.6,218.567,220.067,SECT7643621,SHLF7643641,SHLF7643631,0,0,
361,U1474,F,24,F,3,0.92,0.92,202.6,203.52,220.067,220.987,SECT7643651,SHLF7643671,SHLF7643661,0,0,
361,U1474,F,24,F,4,0.73,0.73,203.52,204.25,220.987,221.717,SECT7643681,SHLF7643701,SHLF7643691,0,0,
361,U1474,F,26,F,1,1.5,1.5,206.3,207.8,223.7,225.2,SECT7643731,SHLF7643751,SHLF7643741,0,0,
361,U1474,F,26,F,2,1.5,1.5,207.8,209.3,225.2,226.7,SECT7643761,SHLF7643781,SHLF7643771,0,19,
361,U1474,F,26,F,3,1.01,1.01,209.3,210.31,226.7,227.71,SECT7643791,SHLF7643811,SHLF7643801,0,10,
361,U1474,F,26,F,4,0.72,0.72,210.31,211.03,227.71,228.43,SECT7643821,SHLF7643841,SHLF7643831,0,0,
361,U1474,F,26,F,CC,0.26,0.26,211.03,211.29,228.43,228.69,SECT7643851,SHLF7643871,SHLF7643861,0,0,
361,U1474,F,27,F,1,1.44,1.44,211,212.44,228.594,230.034,SECT7643891,SHLF7643911,SHLF7643901,0,0,
361,U1474,F,27,F,2,1.5,1.5,212.44,213.94,230.034,231.534,SECT7643921,SHLF7643941,SHLF7643931,0,18,
361,U1474,F,27,F,3,1.34,1.34,213.94,215.28,231.534,232.874,SECT7643951,SHLF7643971,SHLF7643961,0,5,
361,U1474,F,28,F,1,1.46,1.46,215.7,217.16,233.144,234.604,SECT7643991,SHLF7644011,SHLF7644001,0,8,
361,U1474,F,28,F,2,1.5,1.5,217.16,218.66,234.604,236.104,SECT7644021,SHLF7644041,SHLF7644031,0,19,
361,U1474,F,28,F,3,0.91,0.91,218.66,219.57,236.104,237.014,SECT7644051,SHLF7644071,SHLF7644061,0,11,
361,U1474,F,28,F,4,0.81,0.81,219.57,220.38,237.014,237.824,SECT7644081,SHLF7644101,SHLF7644091,0,10,
361,U1474,F,28,F,CC,0.39,0.39,220.38,220.77,237.824,238.214,SECT7644111,SHLF7644131,SHLF7644121,0,0,
361,U1474,F,29,F,1,0.65,0.65,220.4,221.05,240.243,240.893,SECT7644151,SHLF7644171,SHLF7644161,0,1,"Disturbed, shattered liner"
361,U1474,F,29,F,2,1.5,1.5,221.05,222.55,240.893,242.393,SECT7644181,SHLF7644201,SHLF7644191,0,19,
361,U1474,F,29,F,3,1.02,1.02,222.55,223.57,242.393,243.413,SECT7644211,SHLF7644231,SHLF7644221,0,15,
361,U1474,F,29,F,4,0.87,0.87,223.57,224.44,243.413,244.283,SECT7644241,SHLF7644261,SHLF7644251,0,2,
361,U1474,F,29,F,CC,0.32,0.32,224.44,224.76,244.283,244.603,SECT7644271,SHLF7644291,SHLF7644281,0,0,
361,U1474,F,30,F,1,1.5,1.5,225.1,226.6,245.846,247.346,SECT7644311,SHLF7644331,SHLF7644321,0,10,
361,U1474,F,30,F,2,1.5,1.5,226.6,228.1,247.346,248.846,SECT7644341,SHLF7644361,SHLF7644351,0,11,
361,U1474,F,30,F,3,1.01,1.01,228.1,229.11,248.846,249.856,SECT7644371,SHLF7644391,SHLF7644381,0,6,
361,U1474,F,30,F,4,0.55,0.55,229.11,229.66,249.856,250.406,SECT7644401,SHLF7644421,SHLF7644411,0,3,
361,U1474,F,30,F,CC,0.36,0.36,229.66,230.02,250.406,250.766,SECT7644431,SHLF7644451,SHLF7644441,0,0,
361,U1474,F,31,F,1,1.38,1.38,229.8,231.18,250.949,252.329,SECT7644831,SHLF7644851,SHLF7644841,0,0,
361,U1474,F,31,F,2,1.5,1.5,231.18,232.68,252.329,253.829,SECT7644861,SHLF7644881,SHLF7644871,0,0,
361,U1474,F,31,F,3,0.59,0.59,232.68,233.27,253.829,254.419,SECT7644891,SHLF7644911,SHLF7644901,0,0,
361,U1474,F,31,F,CC,0.24,0.24,233.27,233.51,254.419,254.659,SECT7644921,SHLF7644941,SHLF7644931,0,0,
361,U1474,F,32,F,CC,0.3,0.3,234.5,234.8,234.5,234.8,SECT7644631,SHLF7644651,SHLF7644641,0,0,APC did not fire
361,U1474,F,33,F,1,1.5,1.5,234.8,236.3,255.27,256.77,SECT7644671,SHLF7644691,SHLF7644681,0,0,
361,U1474,F,33,F,2,1.01,1.01,236.3,237.31,256.77,257.78,SECT7644701,SHLF7644721,SHLF7644711,0,0,
361,U1474,F,33,F,3,0.85,0.85,237.31,238.16,257.78,258.63,SECT7644731,SHLF7644751,SHLF7644741,0,0,
361,U1474,F,33,F,CC,0.17,0.17,238.16,238.33,258.63,258.8,SECT7644761,SHLF7644781,SHLF7644771,0,0,
361,U1474,G,1,H,1,1.5,1.5,0,1.5,,,SECT7644971,SHLF7644991,SHLF7644981,0,0,DONTATED TO JR BY X361 SAC
361,U1474,G,1,H,2,1.5,1.5,1.5,3,,,SECT7645001,SHLF7645021,SHLF7645011,0,0,DONTATED TO JR BY X361 SAC
361,U1474,G,1,H,3,1.5,1.5,3,4.5,,,SECT7645031,SHLF7645051,SHLF7645041,0,0,DONTATED TO JR BY X361 SAC
361,U1474,G,1,H,4,1.5,1.5,4.5,6,,,SECT7645061,SHLF7645081,SHLF7645071,0,0,DONTATED TO JR BY X361 SAC
361,U1474,G,1,H,5,1.5,1.5,6,7.5,,,SECT7645091,SHLF7645111,SHLF7645101,0,0,DONTATED TO JR BY X361 SAC
361,U1474,G,1,H,6,1.5,1.5,7.5,9,,,SECT7645121,SHLF7645141,SHLF7645131,1,0,DONTATED TO JR BY X361 SAC
361,U1474,G,1,H,7,0.71,0.71,9,9.71,,,SECT7645151,SHLF7645171,SHLF7645161,0,0,DONTATED TO JR BY X361 SAC
361,U1474,G,1,H,CC,0.26,0.26,9.71,9.97,,,SECT7645181,SHLF7645201,SHLF7645191,1,0,DONTATED TO JR BY X361 SAC
361,U1474,H,1,H,1,1.5,1.5,0,1.5,,,SECT7645211,SHLF7645231,SHLF7645221,0,1,
361,U1474,H,1,H,2,1.5,1.5,1.5,3,,,SECT7645241,SHLF7645261,SHLF7645251,0,0,
361,U1474,H,1,H,3,1.5,1.5,3,4.5,,,SECT7645271,SHLF7645291,SHLF7645281,0,0,
361,U1474,H,1,H,4,1.5,1.5,4.5,6,,,SECT7645301,SHLF7645321,SHLF7645311,0,0,
361,U1474,H,1,H,5,1.5,1.5,6,7.5,,,SECT7645331,SHLF7645351,SHLF7645341,0,0,
361,U1474,H,1,H,6,1.5,1.5,7.5,9,,,SECT7645361,SHLF7645381,SHLF7645371,0,0,
361,U1474,H,1,H,7,0.63,0.63,9,9.63,,,SECT7645391,SHLF7645411,SHLF7645401,0,0,
361,U1474,H,1,H,CC,0.19,0.19,9.63,9.82,,,SECT7645421,SHLF7645441,SHLF7645431,1,0,